publication_date,document_number,title,type,html_url,raw_text_url,pdf_url,matched_queries
2000-10-16,00-26536,Notice of Adjustment of Disaster Grant Amounts,Notice,https://www.federalregister.gov/documents/2000/10/16/00-26536/notice-of-adjustment-of-disaster-grant-amounts,https://www.federalregister.gov/documents/full_text/text/2000/10/16/00-26536.txt,https://www.govinfo.gov/content/pkg/FR-2000-10-16/pdf/00-26536.pdf,brief;supplement
2001-10-09,01-25249,Notice of Adjustment of Countywide Per Capita Impact Indicator,Notice,https://www.federalregister.gov/documents/2001/10/09/01-25249/notice-of-adjustment-of-countywide-per-capita-impact-indicator,https://www.federalregister.gov/documents/full_text/text/2001/10/09/01-25249.txt,https://www.govinfo.gov/content/pkg/FR-2001-10-09/pdf/01-25249.pdf,supplement
2001-10-09,01-25250,Notice of Adjustment of Statewide Per Capita Impact Indicator,Notice,https://www.federalregister.gov/documents/2001/10/09/01-25250/notice-of-adjustment-of-statewide-per-capita-impact-indicator,https://www.federalregister.gov/documents/full_text/text/2001/10/09/01-25250.txt,https://www.govinfo.gov/content/pkg/FR-2001-10-09/pdf/01-25250.pdf,brief;supplement
2001-11-14,01-28577,Disaster Assistance; Fire Management Assistance Grant Program,Rule,https://www.federalregister.gov/documents/2001/11/14/01-28577/disaster-assistance-fire-management-assistance-grant-program,https://www.federalregister.gov/documents/full_text/text/2001/11/14/01-28577.txt,https://www.govinfo.gov/content/pkg/FR-2001-11-14/pdf/01-28577.pdf,brief;supplement
2002-10-11,02-25966,Notice of Adjustment of Statewide Per Capita Impact Indicator,Notice,https://www.federalregister.gov/documents/2002/10/11/02-25966/notice-of-adjustment-of-statewide-per-capita-impact-indicator,https://www.federalregister.gov/documents/full_text/text/2002/10/11/02-25966.txt,https://www.govinfo.gov/content/pkg/FR-2002-10-11/pdf/02-25966.pdf,brief;supplement
2002-10-11,02-25967,Notice of Adjustment of Countywide Per Capita Impact Indicator,Notice,https://www.federalregister.gov/documents/2002/10/11/02-25967/notice-of-adjustment-of-countywide-per-capita-impact-indicator,https://www.federalregister.gov/documents/full_text/text/2002/10/11/02-25967.txt,https://www.govinfo.gov/content/pkg/FR-2002-10-11/pdf/02-25967.pdf,supplement
2003-10-15,03-25997,Notice of Adjustment of Countywide Per Capita Impact Indicator,Notice,https://www.federalregister.gov/documents/2003/10/15/03-25997/notice-of-adjustment-of-countywide-per-capita-impact-indicator,https://www.federalregister.gov/documents/full_text/text/2003/10/15/03-25997.txt,https://www.govinfo.gov/content/pkg/FR-2003-10-15/pdf/03-25997.pdf,supplement
2003-10-15,03-25998,Notice of Adjustment of Statewide Per Capita Impact Indicator,Notice,https://www.federalregister.gov/documents/2003/10/15/03-25998/notice-of-adjustment-of-statewide-per-capita-impact-indicator,https://www.federalregister.gov/documents/full_text/text/2003/10/15/03-25998.txt,https://www.govinfo.gov/content/pkg/FR-2003-10-15/pdf/03-25998.pdf,brief;supplement
2004-10-19,04-23318,Notice of Adjustment of Statewide Per Capita Impact Indicator,Notice,https://www.federalregister.gov/documents/2004/10/19/04-23318/notice-of-adjustment-of-statewide-per-capita-impact-indicator,https://www.federalregister.gov/documents/full_text/text/2004/10/19/04-23318.txt,https://www.govinfo.gov/content/pkg/FR-2004-10-19/pdf/04-23318.pdf,brief;supplement
2004-10-19,04-23320,Notice of Adjustment of Countywide Per Capita Impact Indicator,Notice,https://www.federalregister.gov/documents/2004/10/19/04-23320/notice-of-adjustment-of-countywide-per-capita-impact-indicator,https://www.federalregister.gov/documents/full_text/text/2004/10/19/04-23320.txt,https://www.govinfo.gov/content/pkg/FR-2004-10-19/pdf/04-23320.pdf,supplement
2005-10-07,05-20293,Notice of Adjustment of Countywide Per Capita Impact Indicator,Notice,https://www.federalregister.gov/documents/2005/10/07/05-20293/notice-of-adjustment-of-countywide-per-capita-impact-indicator,https://www.federalregister.gov/documents/full_text/text/2005/10/07/05-20293.txt,https://www.govinfo.gov/content/pkg/FR-2005-10-07/pdf/05-20293.pdf,supplement
2005-10-07,05-20296,Notice of Adjustment of Statewide Per Capita Impact Indicator,Notice,https://www.federalregister.gov/documents/2005/10/07/05-20296/notice-of-adjustment-of-statewide-per-capita-impact-indicator,https://www.federalregister.gov/documents/full_text/text/2005/10/07/05-20296.txt,https://www.govinfo.gov/content/pkg/FR-2005-10-07/pdf/05-20296.pdf,brief;supplement
2006-10-10,E6-16656,Notice of Adjustment of Statewide Per Capita Impact Indicator,Notice,https://www.federalregister.gov/documents/2006/10/10/E6-16656/notice-of-adjustment-of-statewide-per-capita-impact-indicator,https://www.federalregister.gov/documents/full_text/text/2006/10/10/E6-16656.txt,https://www.govinfo.gov/content/pkg/FR-2006-10-10/pdf/E6-16656.pdf,brief;supplement
2006-10-10,E6-16661,Notice of Adjustment of Countywide Per Capita Impact Indicator,Notice,https://www.federalregister.gov/documents/2006/10/10/E6-16661/notice-of-adjustment-of-countywide-per-capita-impact-indicator,https://www.federalregister.gov/documents/full_text/text/2006/10/10/E6-16661.txt,https://www.govinfo.gov/content/pkg/FR-2006-10-10/pdf/E6-16661.pdf,supplement
2007-10-09,E7-19836,Notice of Adjustment of Countywide Per Capita Impact Indicator,Notice,https://www.federalregister.gov/documents/2007/10/09/E7-19836/notice-of-adjustment-of-countywide-per-capita-impact-indicator,https://www.federalregister.gov/documents/full_text/text/2007/10/09/E7-19836.txt,https://www.govinfo.gov/content/pkg/FR-2007-10-09/pdf/E7-19836.pdf,supplement
2007-10-09,E7-19838,Notice of Adjustment of Statewide Per Capita Impact Indicator,Notice,https://www.federalregister.gov/documents/2007/10/09/E7-19838/notice-of-adjustment-of-statewide-per-capita-impact-indicator,https://www.federalregister.gov/documents/full_text/text/2007/10/09/E7-19838.txt,https://www.govinfo.gov/content/pkg/FR-2007-10-09/pdf/E7-19838.pdf,brief;supplement
2008-10-10,E8-24064,Notice of Adjustment of Countywide Per Capita Impact Indicator,Notice,https://www.federalregister.gov/documents/2008/10/10/E8-24064/notice-of-adjustment-of-countywide-per-capita-impact-indicator,https://www.federalregister.gov/documents/full_text/text/2008/10/10/E8-24064.txt,https://www.govinfo.gov/content/pkg/FR-2008-10-10/pdf/E8-24064.pdf,supplement
2008-10-10,E8-24066,Notice of Adjustment of Statewide Per Capita Impact Indicator,Notice,https://www.federalregister.gov/documents/2008/10/10/E8-24066/notice-of-adjustment-of-statewide-per-capita-impact-indicator,https://www.federalregister.gov/documents/full_text/text/2008/10/10/E8-24066.txt,https://www.govinfo.gov/content/pkg/FR-2008-10-10/pdf/E8-24066.pdf,brief;supplement
2009-10-06,E9-24068,Notice of Adjustment of Statewide Per Capita Impact Indicator,Notice,https://www.federalregister.gov/documents/2009/10/06/E9-24068/notice-of-adjustment-of-statewide-per-capita-impact-indicator,https://www.federalregister.gov/documents/full_text/text/2009/10/06/E9-24068.txt,https://www.govinfo.gov/content/pkg/FR-2009-10-06/pdf/E9-24068.pdf,brief;supplement
2009-10-06,E9-24071,Notice of Adjustment of Countywide Per Capita Impact Indicator,Notice,https://www.federalregister.gov/documents/2009/10/06/E9-24071/notice-of-adjustment-of-countywide-per-capita-impact-indicator,https://www.federalregister.gov/documents/full_text/text/2009/10/06/E9-24071.txt,https://www.govinfo.gov/content/pkg/FR-2009-10-06/pdf/E9-24071.pdf,supplement
2009-11-06,E9-26817,Disaster Assistance Directorate Policy Numbers 9100.1 and 9523.1 Snow Assistance and Severe Winter Storm Policy,Notice,https://www.federalregister.gov/documents/2009/11/06/E9-26817/disaster-assistance-directorate-policy-numbers-91001-and-95231-snow-assistance-and-severe-winter,https://www.federalregister.gov/documents/full_text/text/2009/11/06/E9-26817.txt,https://www.govinfo.gov/content/pkg/FR-2009-11-06/pdf/E9-26817.pdf,supplement
2010-10-07,2010-25332,Notice of Adjustment of Countywide Per Capita Impact Indicator,Notice,https://www.federalregister.gov/documents/2010/10/07/2010-25332/notice-of-adjustment-of-countywide-per-capita-impact-indicator,https://www.federalregister.gov/documents/full_text/text/2010/10/07/2010-25332.txt,https://www.govinfo.gov/content/pkg/FR-2010-10-07/pdf/2010-25332.pdf,supplement
2010-10-07,2010-25334,Notice of Adjustment of Statewide Per Capita Impact Indicator,Notice,https://www.federalregister.gov/documents/2010/10/07/2010-25334/notice-of-adjustment-of-statewide-per-capita-impact-indicator,https://www.federalregister.gov/documents/full_text/text/2010/10/07/2010-25334.txt,https://www.govinfo.gov/content/pkg/FR-2010-10-07/pdf/2010-25334.pdf,brief;supplement
2011-10-14,2011-26611,Notice of Adjustment of Statewide Per Capita Impact Indicator,Notice,https://www.federalregister.gov/documents/2011/10/14/2011-26611/notice-of-adjustment-of-statewide-per-capita-impact-indicator,https://www.federalregister.gov/documents/full_text/text/2011/10/14/2011-26611.txt,https://www.govinfo.gov/content/pkg/FR-2011-10-14/pdf/2011-26611.pdf,brief;supplement
2011-10-14,2011-26612,Notice of Adjustment of Countywide Per Capita Impact Indicator,Notice,https://www.federalregister.gov/documents/2011/10/14/2011-26612/notice-of-adjustment-of-countywide-per-capita-impact-indicator,https://www.federalregister.gov/documents/full_text/text/2011/10/14/2011-26612.txt,https://www.govinfo.gov/content/pkg/FR-2011-10-14/pdf/2011-26612.pdf,supplement
2012-10-05,2012-24672,Notice of Adjustment of Countywide Per Capita Impact Indicator,Notice,https://www.federalregister.gov/documents/2012/10/05/2012-24672/notice-of-adjustment-of-countywide-per-capita-impact-indicator,https://www.federalregister.gov/documents/full_text/text/2012/10/05/2012-24672.txt,https://www.govinfo.gov/content/pkg/FR-2012-10-05/pdf/2012-24672.pdf,supplement
2012-10-09,2012-24673,Notice of Adjustment of Statewide Per Capita Impact Indicator,Notice,https://www.federalregister.gov/documents/2012/10/09/2012-24673/notice-of-adjustment-of-statewide-per-capita-impact-indicator,https://www.federalregister.gov/documents/full_text/text/2012/10/09/2012-24673.txt,https://www.govinfo.gov/content/pkg/FR-2012-10-09/pdf/2012-24673.pdf,brief;supplement
2013-10-28,2013-25332,Notice of Adjustment of Countywide Per Capita Impact Indicator,Notice,https://www.federalregister.gov/documents/2013/10/28/2013-25332/notice-of-adjustment-of-countywide-per-capita-impact-indicator,https://www.federalregister.gov/documents/full_text/text/2013/10/28/2013-25332.txt,https://www.govinfo.gov/content/pkg/FR-2013-10-28/pdf/2013-25332.pdf,supplement
2013-10-28,2013-25333,Notice of Adjustment of Statewide Per Capita Impact Indicator,Notice,https://www.federalregister.gov/documents/2013/10/28/2013-25333/notice-of-adjustment-of-statewide-per-capita-impact-indicator,https://www.federalregister.gov/documents/full_text/text/2013/10/28/2013-25333.txt,https://www.govinfo.gov/content/pkg/FR-2013-10-28/pdf/2013-25333.pdf,brief;supplement
2014-10-15,2014-24480,Notice of Adjustment of Countywide Per Capita Impact Indicator,Notice,https://www.federalregister.gov/documents/2014/10/15/2014-24480/notice-of-adjustment-of-countywide-per-capita-impact-indicator,https://www.federalregister.gov/documents/full_text/text/2014/10/15/2014-24480.txt,https://www.govinfo.gov/content/pkg/FR-2014-10-15/pdf/2014-24480.pdf,supplement
2014-10-20,2014-24811,Notice of Adjustment of Statewide Per Capita Impact Indicator,Notice,https://www.federalregister.gov/documents/2014/10/20/2014-24811/notice-of-adjustment-of-statewide-per-capita-impact-indicator,https://www.federalregister.gov/documents/full_text/text/2014/10/20/2014-24811.txt,https://www.govinfo.gov/content/pkg/FR-2014-10-20/pdf/2014-24811.pdf,brief;supplement
2015-10-14,2015-26168,Notice of Adjustment of Countywide Per Capita Impact Indicator,Notice,https://www.federalregister.gov/documents/2015/10/14/2015-26168/notice-of-adjustment-of-countywide-per-capita-impact-indicator,https://www.federalregister.gov/documents/full_text/text/2015/10/14/2015-26168.txt,https://www.govinfo.gov/content/pkg/FR-2015-10-14/pdf/2015-26168.pdf,supplement
2015-10-14,2015-26174,Notice of Adjustment of Statewide Per Capita Impact Indicator,Notice,https://www.federalregister.gov/documents/2015/10/14/2015-26174/notice-of-adjustment-of-statewide-per-capita-impact-indicator,https://www.federalregister.gov/documents/full_text/text/2015/10/14/2015-26174.txt,https://www.govinfo.gov/content/pkg/FR-2015-10-14/pdf/2015-26174.pdf,brief;supplement
2016-10-12,2016-24634,Notice of Adjustment of Statewide Per Capita Impact Indicator,Notice,https://www.federalregister.gov/documents/2016/10/12/2016-24634/notice-of-adjustment-of-statewide-per-capita-impact-indicator,https://www.federalregister.gov/documents/full_text/text/2016/10/12/2016-24634.txt,https://www.govinfo.gov/content/pkg/FR-2016-10-12/pdf/2016-24634.pdf,brief;supplement
2016-10-12,2016-24636,Notice of Adjustment of Countywide Per Capita Impact Indicator,Notice,https://www.federalregister.gov/documents/2016/10/12/2016-24636/notice-of-adjustment-of-countywide-per-capita-impact-indicator,https://www.federalregister.gov/documents/full_text/text/2016/10/12/2016-24636.txt,https://www.govinfo.gov/content/pkg/FR-2016-10-12/pdf/2016-24636.pdf,supplement
2017-10-12,2017-22031,Notice of Adjustment of Countywide Per Capita Impact Indicator,Notice,https://www.federalregister.gov/documents/2017/10/12/2017-22031/notice-of-adjustment-of-countywide-per-capita-impact-indicator,https://www.federalregister.gov/documents/full_text/text/2017/10/12/2017-22031.txt,https://www.govinfo.gov/content/pkg/FR-2017-10-12/pdf/2017-22031.pdf,supplement
2017-10-12,2017-22036,Notice of Adjustment of Statewide Per Capita Impact Indicator,Notice,https://www.federalregister.gov/documents/2017/10/12/2017-22036/notice-of-adjustment-of-statewide-per-capita-impact-indicator,https://www.federalregister.gov/documents/full_text/text/2017/10/12/2017-22036.txt,https://www.govinfo.gov/content/pkg/FR-2017-10-12/pdf/2017-22036.pdf,brief;supplement
2018-10-22,2018-22886,Notice of Adjustment of Countywide per Capita Impact Indicator,Notice,https://www.federalregister.gov/documents/2018/10/22/2018-22886/notice-of-adjustment-of-countywide-per-capita-impact-indicator,https://www.federalregister.gov/documents/full_text/text/2018/10/22/2018-22886.txt,https://www.govinfo.gov/content/pkg/FR-2018-10-22/pdf/2018-22886.pdf,supplement
2018-10-22,2018-22888,Notice of Adjustment of Statewide per Capita Impact Indicator,Notice,https://www.federalregister.gov/documents/2018/10/22/2018-22888/notice-of-adjustment-of-statewide-per-capita-impact-indicator,https://www.federalregister.gov/documents/full_text/text/2018/10/22/2018-22888.txt,https://www.govinfo.gov/content/pkg/FR-2018-10-22/pdf/2018-22888.pdf,brief;supplement
2019-10-16,2019-22468,Notice of Adjustment of Countywide Per Capita Impact Indicator,Notice,https://www.federalregister.gov/documents/2019/10/16/2019-22468/notice-of-adjustment-of-countywide-per-capita-impact-indicator,https://www.federalregister.gov/documents/full_text/text/2019/10/16/2019-22468.txt,https://www.govinfo.gov/content/pkg/FR-2019-10-16/pdf/2019-22468.pdf,supplement
2019-10-16,2019-22469,Notice of Adjustment of Statewide Per Capita Impact Indicator,Notice,https://www.federalregister.gov/documents/2019/10/16/2019-22469/notice-of-adjustment-of-statewide-per-capita-impact-indicator,https://www.federalregister.gov/documents/full_text/text/2019/10/16/2019-22469.txt,https://www.govinfo.gov/content/pkg/FR-2019-10-16/pdf/2019-22469.pdf,brief;supplement
2020-11-02,2020-24237,Notice of Adjustment of Statewide per Capita Impact Indicator,Notice,https://www.federalregister.gov/documents/2020/11/02/2020-24237/notice-of-adjustment-of-statewide-per-capita-impact-indicator,https://www.federalregister.gov/documents/full_text/text/2020/11/02/2020-24237.txt,https://www.govinfo.gov/content/pkg/FR-2020-11-02/pdf/2020-24237.pdf,brief;supplement
2020-11-02,2020-24244,Notice of Adjustment of Countywide Per Capita Impact Indicator,Notice,https://www.federalregister.gov/documents/2020/11/02/2020-24244/notice-of-adjustment-of-countywide-per-capita-impact-indicator,https://www.federalregister.gov/documents/full_text/text/2020/11/02/2020-24244.txt,https://www.govinfo.gov/content/pkg/FR-2020-11-02/pdf/2020-24244.pdf,supplement
2020-12-14,2020-27094,Cost of Assistance Estimates in the Disaster Declaration Process for the Public Assistance Program,Proposed Rule,https://www.federalregister.gov/documents/2020/12/14/2020-27094/cost-of-assistance-estimates-in-the-disaster-declaration-process-for-the-public-assistance-program,https://www.federalregister.gov/documents/full_text/text/2020/12/14/2020-27094.txt,https://www.govinfo.gov/content/pkg/FR-2020-12-14/pdf/2020-27094.pdf,brief;supplement
2021-11-15,2021-24751,Notice of Adjustment of Statewide Per Capita Impact Indicator,Notice,https://www.federalregister.gov/documents/2021/11/15/2021-24751/notice-of-adjustment-of-statewide-per-capita-impact-indicator,https://www.federalregister.gov/documents/full_text/text/2021/11/15/2021-24751.txt,https://www.govinfo.gov/content/pkg/FR-2021-11-15/pdf/2021-24751.pdf,brief;supplement
2021-11-15,2021-24752,Notice of Adjustment of Countywide Per Capita Impact Indicator,Notice,https://www.federalregister.gov/documents/2021/11/15/2021-24752/notice-of-adjustment-of-countywide-per-capita-impact-indicator,https://www.federalregister.gov/documents/full_text/text/2021/11/15/2021-24752.txt,https://www.govinfo.gov/content/pkg/FR-2021-11-15/pdf/2021-24752.pdf,supplement
2022-08-03,2022-16555,Public Assistance Program's Simplified Procedures Large Project Threshold,Rule,https://www.federalregister.gov/documents/2022/08/03/2022-16555/public-assistance-programs-simplified-procedures-large-project-threshold,https://www.federalregister.gov/documents/full_text/text/2022/08/03/2022-16555.txt,https://www.govinfo.gov/content/pkg/FR-2022-08-03/pdf/2022-16555.pdf,supplement
2022-10-25,2022-23159,Notice of Adjustment of Statewide per Capita Impact Indicator,Notice,https://www.federalregister.gov/documents/2022/10/25/2022-23159/notice-of-adjustment-of-statewide-per-capita-impact-indicator,https://www.federalregister.gov/documents/full_text/text/2022/10/25/2022-23159.txt,https://www.govinfo.gov/content/pkg/FR-2022-10-25/pdf/2022-23159.pdf,brief;supplement
2022-10-25,2022-23160,Notice of Adjustment of Countywide Per Capita Impact Indicator,Notice,https://www.federalregister.gov/documents/2022/10/25/2022-23160/notice-of-adjustment-of-countywide-per-capita-impact-indicator,https://www.federalregister.gov/documents/full_text/text/2022/10/25/2022-23160.txt,https://www.govinfo.gov/content/pkg/FR-2022-10-25/pdf/2022-23160.pdf,supplement
2023-10-20,2023-23166,Notice of Adjustment of Countywide Per Capita Impact Indicator,Notice,https://www.federalregister.gov/documents/2023/10/20/2023-23166/notice-of-adjustment-of-countywide-per-capita-impact-indicator,https://www.federalregister.gov/documents/full_text/text/2023/10/20/2023-23166.txt,https://www.govinfo.gov/content/pkg/FR-2023-10-20/pdf/2023-23166.pdf,supplement
2023-10-20,2023-23167,Notice of Adjustment of Statewide Per Capita Impact Indicator,Notice,https://www.federalregister.gov/documents/2023/10/20/2023-23167/notice-of-adjustment-of-statewide-per-capita-impact-indicator,https://www.federalregister.gov/documents/full_text/text/2023/10/20/2023-23167.txt,https://www.govinfo.gov/content/pkg/FR-2023-10-20/pdf/2023-23167.pdf,brief;supplement
2024-10-24,2024-24696,Notice of Adjustment of Statewide Per Capita Impact Indicator,Notice,https://www.federalregister.gov/documents/2024/10/24/2024-24696/notice-of-adjustment-of-statewide-per-capita-impact-indicator,https://www.federalregister.gov/documents/full_text/text/2024/10/24/2024-24696.txt,https://www.govinfo.gov/content/pkg/FR-2024-10-24/pdf/2024-24696.pdf,brief;supplement
2024-10-24,2024-24697,Notice of Adjustment of Countywide Per Capita Impact Indicator,Notice,https://www.federalregister.gov/documents/2024/10/24/2024-24697/notice-of-adjustment-of-countywide-per-capita-impact-indicator,https://www.federalregister.gov/documents/full_text/text/2024/10/24/2024-24697.txt,https://www.govinfo.gov/content/pkg/FR-2024-10-24/pdf/2024-24697.pdf,supplement
2026-09-29,2026-19855,Notice of Adjustment of Statewide per Capita Impact Indicator,Notice,https://www.federalregister.gov/documents/2026/09/29/2026-19855/notice-of-adjustment-of-statewide-per-capita-impact-indicator,https://www.federalregister.gov/documents/full_text/text/2026/09/29/2026-19855.txt,https://www.govinfo.gov/content/pkg/FR-2026-09-29/pdf/2026-19855.pdf,brief;supplement
2026-09-29,2026-19858,Notice of Adjustment of Countywide Per Capita Impact Indicator,Notice,https://www.federalregister.gov/documents/2026/09/29/2026-19858/notice-of-adjustment-of-countywide-per-capita-impact-indicator,https://www.federalregister.gov/documents/full_text/text/2026/09/29/2026-19858.txt,https://www.govinfo.gov/content/pkg/FR-2026-09-29/pdf/2026-19858.pdf,supplement
