pos,label
http://www.wikidata.org/entity/Q3773752,Governor of South Carolina
http://www.wikidata.org/entity/Q122884387,Governor of South Carolina
http://www.wikidata.org/entity/Q1540336,Governor of Arkansas
http://www.wikidata.org/entity/Q16147601,Governor of Indiana
http://www.wikidata.org/entity/Q16149111,Governor of Oregon
http://www.wikidata.org/entity/Q16202700,Governor of North Carolina
http://www.wikidata.org/entity/Q3506352,Governor of Maine
http://www.wikidata.org/entity/Q17089908,Governor of New Mexico
http://www.wikidata.org/entity/Q878620,Governor of Louisiana
http://www.wikidata.org/entity/Q20766109,Governor of Louisiana
http://www.wikidata.org/entity/Q17989863,Governor of Ohio
http://www.wikidata.org/entity/Q19647220,Governor of Washington
http://www.wikidata.org/entity/Q20198851,Governor of Florida
http://www.wikidata.org/entity/Q20765611,Governor of Rhode Island
http://www.wikidata.org/entity/Q887117,Governor of Massachusetts
http://www.wikidata.org/entity/Q20801644,Governor of Alaska
http://www.wikidata.org/entity/Q20801656,Governor of Delaware
http://www.wikidata.org/entity/Q20801667,Governor of Missouri
http://www.wikidata.org/entity/Q20801646,Governor of Montana
http://www.wikidata.org/entity/Q20801651,Governor of Nevada
http://www.wikidata.org/entity/Q20801659,Governor of Pennsylvania
http://www.wikidata.org/entity/Q20801652,Governor of West Virginia
http://www.wikidata.org/entity/Q20801647,Governor of Wyoming
http://www.wikidata.org/entity/Q878942,Governor of Virginia
http://www.wikidata.org/entity/Q2347975,Governor of New York
http://www.wikidata.org/entity/Q2550683,Governor of Oklahoma
http://www.wikidata.org/entity/Q2626318,Governor of South Dakota
http://www.wikidata.org/entity/Q5589687,Governor of New Hampshire
http://www.wikidata.org/entity/Q29514575,Governor of Alabama
http://www.wikidata.org/entity/Q29514606,Governor of Arizona
http://www.wikidata.org/entity/Q29514964,Governor of Colorado
http://www.wikidata.org/entity/Q29514674,Governor of Idaho
http://www.wikidata.org/entity/Q880198,Governor of Georgia
http://www.wikidata.org/entity/Q3112719,Governor of Illinois
http://www.wikidata.org/entity/Q3112728,Governor of New Jersey
http://www.wikidata.org/entity/Q3112727,Governor of Wisconsin
http://www.wikidata.org/entity/Q5589724,Governor of Tennessee
http://www.wikidata.org/entity/Q878632,Governor of Mississippi
http://www.wikidata.org/entity/Q3773741,Governor of North Dakota
http://www.wikidata.org/entity/Q3773745,Governor of Vermont
http://www.wikidata.org/entity/Q4151335,Governor of Kentucky
http://www.wikidata.org/entity/Q5589655,Governor of Hawaii
http://www.wikidata.org/entity/Q5589668,Governor of Kansas
http://www.wikidata.org/entity/Q5589680,Governor of Michigan
http://www.wikidata.org/entity/Q5589682,Governor of Minnesota
http://www.wikidata.org/entity/Q5589688,Governor of Nebraska
http://www.wikidata.org/entity/Q5589725,Governor of Texas
http://www.wikidata.org/entity/Q693032,Governor of Maryland
http://www.wikidata.org/entity/Q887010,Governor of California
http://www.wikidata.org/entity/Q887090,Governor of Connecticut
http://www.wikidata.org/entity/Q887220,Governor of Utah
http://www.wikidata.org/entity/Q20801664,governor of Iowa
