congress,chamber,party_code,party_name,n_members,nominate_dim1_median,nominate_dim2_median,nominate_dim1_mean,nominate_dim2_mean
1,President,5000,Pro-Administration,1,,,,
1,House,4000,Anti-Administration,29,0.018,0.092,-0.024379310344827588,0.14193103448275857
1,House,5000,Pro-Administration,37,,,0.5247499999999999,0.018027777777777778
1,Senate,4000,Anti-Administration,9,,,-0.23975,-0.04475000000000002
1,Senate,5000,Pro-Administration,20,0.427,-0.3085,0.3520499999999999,-0.16620000000000001
2,President,5000,Pro-Administration,1,,,,
2,House,4000,Anti-Administration,32,,,-0.0390967741935484,-0.12206451612903224
2,House,5000,Pro-Administration,40,0.533,0.0825,0.5304,0.08162499999999999
2,Senate,4000,Anti-Administration,14,-0.392,-0.544,-0.36121428571428577,-0.308
2,Senate,5000,Pro-Administration,17,0.446,-0.252,0.3864117647058823,-0.11788235294117644
3,President,5000,Pro-Administration,1,,,,
3,House,4000,Anti-Administration,56,,,-0.07198181818181819,-0.1626181818181818
3,House,5000,Pro-Administration,54,,,0.5637115384615385,0.051115384615384625
3,Senate,4000,Anti-Administration,15,-0.37,-0.548,-0.3769333333333334,-0.432
3,Senate,5000,Pro-Administration,18,0.5705,-0.179,0.5734999999999999,0.003888888888888905
4,President,1,Federalist,1,,,,
4,House,1,Federalist,54,0.6034999999999999,0.1375,0.5615555555555557,0.14103703703703704
4,House,13,Democrat-Republican,61,,,-0.11894999999999999,6.666666666665886e-05
4,Senate,1,Federalist,29,,,0.5752499999999999,0.03117857142857142
4,Senate,13,Democrat-Republican,14,,,-0.3927692307692308,-0.34969230769230764
5,President,1,Federalist,1,,,,
5,House,1,Federalist,64,0.622,-0.0165,0.596921875,0.026218750000000002
5,House,13,Democrat-Republican,53,-0.108,-0.042,-0.1381509433962264,-0.07611320754716983
5,Senate,1,Federalist,31,0.717,-0.043,0.5952903225806452,0.034999999999999996
5,Senate,13,Democrat-Republican,14,,,-0.32076923076923075,-0.15200000000000002
6,President,1,Federalist,1,,,,
6,House,1,Federalist,64,0.624,-0.07050000000000001,0.5918749999999999,-0.04340624999999999
6,House,13,Democrat-Republican,50,,,-0.10193877551020408,-0.16224489795918365
6,Senate,1,Federalist,27,0.625,0.036,0.573,0.07748148148148148
6,Senate,13,Democrat-Republican,11,-0.277,0.023,-0.31718181818181823,-0.107
7,President,13,Democrat-Republican,1,0.018,0.516,0.018,0.516
7,House,1,Federalist,40,0.622,-0.17049999999999998,0.6072,-0.031924999999999995
7,House,13,Democrat-Republican,74,,,-0.08423287671232876,-0.025397260273972606
7,Senate,1,Federalist,16,0.6890000000000001,-0.10750000000000001,0.6685,-0.1065
7,Senate,13,Democrat-Republican,20,,,-0.2686842105263158,-0.2416315789473684
8,President,13,Democrat-Republican,1,0.018,0.516,0.018,0.516
8,House,1,Federalist,40,,,0.5991025641025641,-0.21956410256410258
8,House,13,Democrat-Republican,110,,,-0.1060275229357798,0.05273394495412841
8,Senate,1,Federalist,10,0.6665000000000001,-0.32899999999999996,0.6515000000000001,-0.17509999999999998
8,Senate,13,Democrat-Republican,34,-0.2125,-0.22,-0.24017647058823535,-0.2984117647058824
9,President,13,Democrat-Republican,1,0.018,0.516,0.018,0.516
9,House,1,Federalist,29,,,0.5690357142857143,-0.37835714285714284
9,House,13,Democrat-Republican,120,,,-0.09022881355932204,0.03726271186440677
9,Senate,1,Federalist,7,0.646,-0.409,0.6585714285714285,-0.23814285714285713
9,Senate,13,Democrat-Republican,30,-0.1255,-0.16399999999999998,-0.1117666666666667,-0.16503333333333334
10,President,13,Democrat-Republican,1,0.018,0.516,0.018,0.516
10,House,1,Federalist,27,0.599,-0.429,0.5270370370370371,-0.38851851851851854
10,House,13,Democrat-Republican,122,,,-0.06680165289256199,0.05728925619834712
10,Senate,1,Federalist,7,0.619,-0.249,0.6241428571428571,-0.2367142857142857
10,Senate,13,Democrat-Republican,32,,,-0.10064516129032258,-0.012290322580645158
11,President,13,Democrat-Republican,1,0.138,0.731,0.138,0.731
11,House,1,Federalist,51,0.586,-0.43,0.5370588235294118,-0.4072745098039216
11,House,13,Democrat-Republican,103,-0.108,0.095,-0.08787378640776701,0.10989320388349515
11,Senate,1,Federalist,10,0.643,-0.17049999999999998,0.6562,-0.20469999999999997
11,Senate,13,Democrat-Republican,34,,,-0.07175757575757577,0.05157575757575757
12,President,13,Democrat-Republican,1,0.138,0.731,0.138,0.731
12,House,1,Federalist,37,0.591,-0.43,0.5015675675675676,-0.42505405405405405
12,House,13,Democrat-Republican,110,-0.10200000000000001,0.107,-0.09451818181818182,0.10936363636363636
12,Senate,1,Federalist,6,0.5945,-0.14650000000000002,0.6251666666666666,-0.17149999999999999
12,Senate,13,Democrat-Republican,31,-0.126,0.023,-0.0891935483870968,-0.03554838709677417
13,President,13,Democrat-Republican,1,0.138,0.731,0.138,0.731
13,House,1,Federalist,72,,,0.5247042253521127,-0.33983098591549293
13,House,13,Democrat-Republican,124,-0.08449999999999999,0.219,-0.0895725806451613,0.22309677419354837
13,Senate,1,Federalist,10,0.563,-0.242,0.5939,-0.1883
13,Senate,13,Democrat-Republican,36,-0.2145,0.039,-0.12875000000000003,-0.008472222222222221
14,President,13,Democrat-Republican,1,0.138,0.731,0.138,0.731
14,House,1,Federalist,66,,,0.5216000000000001,-0.3680923076923077
14,House,13,Democrat-Republican,133,-0.063,0.18,-0.05621804511278196,0.2003984962406015
14,Senate,1,Federalist,15,0.522,-0.182,0.5280666666666667,-0.1964
14,Senate,13,Democrat-Republican,29,-0.112,0.063,-0.12879310344827585,0.03334482758620689
15,President,13,Democrat-Republican,1,0.13,0.548,0.13,0.548
15,House,1,Federalist,40,0.472,-0.2845,0.41374999999999995,-0.26959999999999995
15,House,13,Democrat-Republican,155,,,0.014701298701298708,0.12035714285714286
15,Senate,1,Federalist,13,0.522,-0.237,0.565,-0.28784615384615386
15,Senate,13,Democrat-Republican,33,-0.041,0.132,-0.07396969696969696,0.08069696969696971
16,President,13,Democrat-Republican,1,0.13,0.548,0.13,0.548
16,House,1,Federalist,28,0.37,0.156,0.2581785714285714,0.012321428571428554
16,House,13,Democrat-Republican,173,,,0.031523255813953495,0.19742441860465118
16,Senate,1,Federalist,10,0.5994999999999999,-0.245,0.5972,-0.27809999999999996
16,Senate,13,Democrat-Republican,41,-0.026,0.052,0.012634146341463426,0.05636585365853659
17,President,13,Democrat-Republican,1,0.13,0.548,0.13,0.548
17,House,1,Federalist,36,,,0.2758,0.03820000000000001
17,House,13,Democrat-Republican,165,,,0.04647852760736196,0.07988957055214722
17,Senate,1,Federalist,5,0.575,-0.237,0.5668,-0.2076
17,Senate,13,Democrat-Republican,48,0.034,0.0455,0.08245833333333333,0.044020833333333335
18,President,13,Democrat-Republican,1,0.13,0.548,0.13,0.548
18,House,13,Democrat-Republican,4,,,0.34333333333333327,0.6073333333333334
18,House,1346,Jackson Republican,65,,,-0.0014062499999999943,0.416328125
18,House,6000,Crawford Federalist,2,0.202,-0.144,0.202,-0.144
18,House,7000,Jackson Federalist,7,0.153,0.338,0.13185714285714287,0.3691428571428571
18,House,7777,Crawford Republican,56,,,-0.1932181818181818,-0.19307272727272726
18,House,8000,Adams-Clay Federalist,15,0.289,0.04,0.24493333333333334,-0.1950666666666667
18,House,8888,Adams-Clay Republican,72,,,0.3231408450704225,0.04330985915492958
18,Senate,1346,Jackson Republican,12,-0.1835,-0.08349999999999999,-0.16058333333333333,-0.04266666666666666
18,Senate,7777,Crawford Republican,22,0.076,0.005999999999999998,0.10250000000000002,-0.058909090909090904
18,Senate,8000,Adams-Clay Federalist,5,0.57,-0.253,0.5224,-0.2444
18,Senate,8888,Adams-Clay Republican,14,0.23299999999999998,0.3745,0.22735714285714284,0.4375714285714286
19,President,22,Adams,1,0.396,-0.147,0.396,-0.147
19,House,22,Adams,113,,,0.22389285714285712,0.03234821428571428
19,House,555,Jackson,112,-0.189,0.28300000000000003,-0.18252678571428568,0.17816071428571426
19,Senate,22,Adams,26,,,0.3494,0.40732
19,Senate,555,Jackson,32,,,-0.09870967741935485,-0.21032258064516127
19,Senate,1346,Jackson Republican,1,-0.497,0.868,-0.497,0.868
19,Senate,7777,Crawford Republican,1,0.919,0.377,0.919,0.377
20,President,22,Adams,1,0.396,-0.147,0.396,-0.147
20,House,22,Adams,104,0.28200000000000003,0.11549999999999999,0.26475,0.09511538461538462
20,House,555,Jackson,118,-0.2205,0.242,-0.2137966101694915,0.170864406779661
20,Senate,22,Adams,23,0.37,0.558,0.3368260869565217,0.47900000000000004
20,Senate,555,Jackson,30,-0.0745,-0.23149999999999998,-0.09633333333333334,-0.1794666666666666
21,President,555,Jackson,1,-0.25,-0.098,-0.25,-0.098
21,House,26,Anti Masonic,5,0.267,0.136,0.279,0.14340000000000003
21,House,555,Jackson,142,-0.2625,0.0505,-0.2432887323943662,0.0018309859154929436
21,House,1275,Anti-Jackson,74,,,0.2938356164383562,0.18787671232876713
21,Senate,555,Jackson,31,,,-0.1577333333333333,-0.1412
21,Senate,1275,Anti-Jackson,23,0.395,0.38,0.3876086956521739,0.42165217391304344
22,President,555,Jackson,1,-0.25,-0.098,-0.25,-0.098
22,House,26,Anti Masonic,17,0.248,-0.033,0.25941176470588234,-0.010470588235294117
22,House,44,Nullifier,4,-0.3125,0.9085,-0.34324999999999994,0.8035
22,House,555,Jackson,130,-0.29,-0.08449999999999999,-0.27954615384615383,-0.05922307692307691
22,House,1275,Anti-Jackson,67,0.294,0.204,0.2892089552238806,0.20776119402985077
22,Senate,44,Nullifier,3,-0.04,-0.571,-0.03200000000000001,-0.5683333333333332
22,Senate,555,Jackson,29,-0.161,0.059,-0.20537931034482754,0.10848275862068969
22,Senate,1275,Anti-Jackson,23,,,0.4065454545454545,0.28277272727272723
23,President,555,Jackson,1,-0.25,-0.098,-0.25,-0.098
23,House,26,Anti Masonic,26,0.315,-0.0195,0.32803846153846156,-0.05811538461538462
23,House,44,Nullifier,10,-0.3765,0.884,-0.40259999999999996,0.7947
23,House,555,Jackson,150,-0.2665,-0.267,-0.26661333333333326,-0.18761333333333335
23,House,1275,Anti-Jackson,72,0.1875,0.2525,0.18865277777777778,0.27387500000000004
23,Senate,44,Nullifier,2,-0.0805,-0.061999999999999986,-0.0805,-0.061999999999999986
23,Senate,555,Jackson,25,-0.274,-0.021,-0.30032,0.11123999999999999
23,Senate,1275,Anti-Jackson,29,0.384,0.18,0.3120344827586207,0.13972413793103447
24,President,555,Jackson,1,-0.25,-0.098,-0.25,-0.098
24,House,26,Anti Masonic,16,0.356,-0.0805,0.34900000000000003,-0.14437499999999998
24,House,29,Whig,2,0.17049999999999998,0.199,0.17049999999999998,0.199
24,House,44,Nullifier,8,-0.4585,0.86,-0.45099999999999996,0.8098750000000001
24,House,555,Jackson,149,,,-0.2967027027027027,-0.3120337837837838
24,House,1275,Anti-Jackson,80,0.0805,0.314,0.07711249999999999,0.31948750000000004
24,Senate,44,Nullifier,2,-0.0805,-0.061999999999999986,-0.0805,-0.061999999999999986
24,Senate,555,Jackson,34,-0.344,-0.009500000000000001,-0.37852941176470595,0.07197058823529412
24,Senate,1275,Anti-Jackson,27,0.274,0.18,0.25718518518518524,0.166962962962963
25,President,100,Democrat,1,0.105,-0.969,0.105,-0.969
25,House,26,Anti Masonic,7,0.398,-0.146,0.37014285714285716,-0.13328571428571429
25,House,29,Whig,110,0.1745,0.2525,0.1219090909090909,0.27208181818181815
25,House,44,Nullifier,6,-0.5095000000000001,0.8155,-0.5071666666666667,0.7378333333333332
25,House,100,Democrat,134,,,-0.29730827067669174,-0.3626315789473684
25,House,328,Independent,1,-0.065,0.368,-0.065,0.368
25,Senate,29,Whig,19,0.181,0.181,0.21010526315789474,0.2663684210526316
25,Senate,100,Democrat,40,-0.34099999999999997,-0.1245,-0.364825,-0.038925
26,President,100,Democrat,1,0.105,-0.969,0.105,-0.969
26,House,26,Anti Masonic,6,0.3815,-0.2285,0.36766666666666664,-0.17750000000000002
26,House,29,Whig,121,,,0.122775,0.29035833333333333
26,House,100,Democrat,128,-0.297,-0.452,-0.32103125,-0.3693671875
26,House,112,Conservative,2,-0.35250000000000004,0.2905,-0.35250000000000004,0.2905
26,Senate,29,Whig,28,0.251,0.174,0.20732142857142857,0.2530714285714286
26,Senate,100,Democrat,32,-0.3695,-0.16949999999999998,-0.39009375,-0.10268749999999999
27,President,29,Whig,2,,,0.251,-0.968
27,House,29,Whig,151,0.179,0.176,0.14056953642384104,0.26105960264900663
27,House,100,Democrat,106,-0.3475,-0.3345,-0.3637735849056604,-0.267311320754717
27,House,328,Independent,1,-0.576,0.749,-0.576,0.749
27,House,329,Ind. Democrat,1,-0.109,-0.17,-0.109,-0.17
27,Senate,29,Whig,34,0.251,0.2595,0.19973529411764707,0.24435294117647058
27,Senate,100,Democrat,25,-0.373,-0.161,-0.40524,-0.13648
28,President,29,Whig,1,0.251,-0.968,0.251,-0.968
28,House,29,Whig,80,0.251,0.21250000000000002,0.1713625,0.23803749999999999
28,House,100,Democrat,152,,,-0.2981933333333333,-0.25351999999999997
28,House,329,Ind. Democrat,1,0.172,0.042,0.172,0.042
28,House,403,Law and Order,2,0.1765,0.1645,0.1765,0.1645
28,House,603,Ind. Whig,1,-0.092,0.545,-0.092,0.545
28,Senate,29,Whig,29,0.216,0.25,0.1694137931034483,0.24172413793103448
28,Senate,100,Democrat,30,-0.412,-0.2215,-0.42193333333333344,-0.12196666666666664
28,Senate,403,Law and Order,1,0.353,-0.355,0.353,-0.355
29,President,100,Democrat,1,-0.659,-0.504,-0.659,-0.504
29,House,29,Whig,84,,,0.17432926829268292,0.25303658536585366
29,House,100,Democrat,150,-0.29,-0.2235,-0.32852,-0.21963999999999997
29,House,310,American,6,0.14500000000000002,0.037,0.1285,0.06483333333333334
29,Senate,29,Whig,26,0.28049999999999997,0.2235,0.24465384615384617,0.24496153846153845
29,Senate,100,Democrat,39,-0.43,-0.082,-0.428897435897436,-0.015435897435897435
29,Senate,1111,Liberty,1,0.907,0.29,0.907,0.29
30,President,100,Democrat,1,-0.659,-0.504,-0.659,-0.504
30,House,29,Whig,119,,,0.19735042735042732,0.1947435897435897
30,House,100,Democrat,115,,,-0.3487280701754386,-0.214078947368421
30,House,310,American,1,0.013,0.24,0.013,0.24
30,House,328,Independent,1,0.552,-0.598,0.552,-0.598
30,House,329,Ind. Democrat,2,-0.129,-0.493,-0.129,-0.493
30,Senate,29,Whig,24,0.2115,0.248,0.20479166666666662,0.3165833333333334
30,Senate,100,Democrat,47,-0.398,-0.175,-0.38085106382978723,-0.175
30,Senate,329,Ind. Democrat,1,0.11,-0.8,0.11,-0.8
31,President,29,Whig,2,,,,
31,House,29,Whig,113,0.298,0.154,0.23916814159292038,0.18515929203539824
31,House,100,Democrat,120,,,-0.3865882352941177,-0.17901680672268908
31,House,300,Free Soil,9,0.425,-0.812,0.3874444444444445,-0.8141111111111111
31,House,310,American,1,0.013,0.24,0.013,0.24
31,House,328,Independent,1,0.013,0.246,0.013,0.246
31,Senate,29,Whig,29,,,0.18642857142857144,0.31889285714285714
31,Senate,100,Democrat,40,-0.377,-0.151,-0.374,-0.1298
31,Senate,300,Free Soil,2,0.2125,-0.8745,0.2125,-0.8745
32,President,29,Whig,1,,,,
32,House,29,Whig,89,0.289,0.149,0.2472359550561798,0.09784269662921348
32,House,46,States Rights,3,-0.421,0.087,-0.4513333333333333,0.06866666666666667
32,House,100,Democrat,129,-0.303,-0.163,-0.30511627906976746,-0.18642635658914727
32,House,300,Free Soil,4,0.47750000000000004,-0.8045,0.4525,-0.792
32,House,329,Ind. Democrat,3,-0.23,0.037,-0.17500000000000002,-0.010666666666666677
32,House,603,Ind. Whig,1,0.022,0.735,0.022,0.735
32,House,4444,Union,10,-0.40700000000000003,0.33699999999999997,-0.40840000000000004,0.308
32,Senate,29,Whig,26,0.102,0.2965,0.09450000000000001,0.3755769230769231
32,Senate,100,Democrat,44,-0.384,-0.051000000000000004,-0.37829545454545455,-0.11588636363636362
32,Senate,300,Free Soil,3,0.315,-0.8,0.25566666666666665,-0.6643333333333333
33,President,100,Democrat,1,0.256,0.132,0.256,0.132
33,House,29,Whig,77,,,0.19164473684210526,-0.06607894736842108
33,House,100,Democrat,159,,,-0.3002356687898089,-0.1073312101910828
33,House,300,Free Soil,4,0.294,-0.497,0.27599999999999997,-0.47725
33,House,328,Independent,1,0.103,-0.224,0.103,-0.224
33,House,329,Ind. Democrat,1,-0.214,-0.053,-0.214,-0.053
33,Senate,29,Whig,23,0.03,0.373,0.07056521739130435,0.37969565217391316
33,Senate,100,Democrat,42,-0.384,0.008,-0.3622142857142857,-0.09090476190476189
33,Senate,300,Free Soil,4,0.4305,-0.5615,0.4705,-0.579
33,Senate,310,American,1,0.332,-0.22,0.332,-0.22
34,President,100,Democrat,1,0.256,0.132,0.256,0.132
34,House,100,Democrat,85,-0.432,-0.076,-0.39656470588235293,-0.057294117647058815
34,House,200,Republican,1,0.549,-0.683,0.549,-0.683
34,House,310,American,52,0.0275,0.1605,0.10148076923076925,0.12184615384615387
34,House,3333,Opposition,100,,,0.29087878787878785,-0.3219090909090909
34,Senate,100,Democrat,39,-0.405,0.033,-0.38038461538461543,0.009051282051282047
34,Senate,200,Republican,1,0.343,-0.291,0.343,-0.291
34,Senate,310,American,1,-0.361,-0.056,-0.361,-0.056
34,Senate,3333,Opposition,23,,,0.13822727272727275,0.08640909090909088
35,President,100,Democrat,1,-0.721,-0.045,-0.721,-0.045
35,House,100,Democrat,136,,,-0.375562962962963,0.0852814814814815
35,House,200,Republican,94,0.3225,-0.367,0.32980851063829786,-0.39952127659574477
35,House,310,American,15,-0.072,0.343,-0.07539999999999998,0.36800000000000005
35,House,329,Ind. Democrat,2,-0.0965,0.08700000000000001,-0.0965,0.08700000000000001
35,Senate,100,Democrat,47,-0.421,0.137,-0.4084255319148937,0.1286595744680851
35,Senate,200,Republican,21,0.268,-0.228,0.2509523809523809,-0.35861904761904756
35,Senate,310,American,5,-0.08,0.453,-0.14579999999999999,0.40519999999999995
36,President,100,Democrat,1,-0.721,-0.045,-0.721,-0.045
36,House,100,Democrat,87,-0.437,-0.006,-0.4258620689655173,0.04245977011494253
36,House,108,Anti-Lecompton Democrat,8,-0.0019999999999999996,-0.09949999999999999,-0.010249999999999995,-0.075625
36,House,200,Republican,119,,,0.2945254237288136,-0.3015254237288137
36,House,310,American,5,0.068,0.512,0.0242,0.5722
36,House,329,Ind. Democrat,7,-0.425,0.397,-0.3871428571428571,0.24300000000000002
36,House,3334,Opposition,19,-0.091,0.156,-0.11205263157894736,0.2164736842105263
36,Senate,100,Democrat,41,-0.445,0.101,-0.43258536585365864,0.06597560975609755
36,Senate,200,Republican,27,0.244,-0.244,0.23907407407407402,-0.373
36,Senate,310,American,2,-0.108,0.4395,-0.108,0.4395
37,President,200,Republican,1,0.431,0.902,0.431,0.902
37,House,37,Constitutional Unionist,2,0.0335,0.595,0.0335,0.595
37,House,100,Democrat,52,,,-0.23278431372549016,0.3102549019607843
37,House,200,Republican,114,0.3165,-0.2445,0.30658771929824563,-0.24439473684210525
37,House,206,Unionist,32,,,0.004935483870967746,0.37877419354838715
37,House,329,Ind. Democrat,1,-0.334,0.942,-0.334,0.942
37,House,4444,Union,2,0.138,0.5740000000000001,0.138,0.5740000000000001
37,Senate,100,Democrat,29,-0.421,0.114,-0.3931724137931034,0.10144827586206898
37,Senate,200,Republican,37,,,0.19974999999999998,-0.3460833333333333
37,Senate,206,Unionist,8,-0.183,0.208,-0.14700000000000002,0.07175
38,President,200,Republican,1,0.431,0.902,0.431,0.902
38,House,100,Democrat,75,,,-0.28771621621621624,0.15677027027027027
38,House,200,Republican,86,0.3465,-0.135,0.34789534883720924,-0.09426744186046511
38,House,203,Unconditional Unionist,18,0.21600000000000003,0.2695,0.1797777777777778,0.13805555555555554
38,House,206,Unionist,9,-0.122,0.56,-0.19144444444444442,0.23166666666666666
38,House,331,Ind. Republican,2,0.09849999999999999,-0.5075,0.09849999999999999,-0.5075
38,Senate,100,Democrat,11,-0.303,0.265,-0.2961818181818182,0.2915454545454546
38,Senate,200,Republican,34,0.27,-0.1375,0.2506470588235294,-0.20961764705882352
38,Senate,203,Unconditional Unionist,5,0.025,-0.037,0.0244,-0.092
38,Senate,206,Unionist,5,,,-0.185,0.36125000000000007
39,President,200,Republican,2,,,0.431,0.902
39,House,100,Democrat,44,-0.33799999999999997,0.2315,-0.3575,0.16843181818181815
39,House,200,Republican,138,,,0.30347445255474453,-0.13172992700729927
39,House,203,Unconditional Unionist,14,0.1305,0.1755,0.10778571428571428,0.14114285714285715
39,House,206,Unionist,5,-0.255,-0.115,-0.25020000000000003,-0.06020000000000001
39,House,331,Ind. Republican,1,0.371,-0.596,0.371,-0.596
39,Senate,100,Democrat,11,-0.275,0.182,-0.2940909090909091,0.17527272727272727
39,Senate,200,Republican,44,0.27,-0.078,0.23495454545454544,-0.13868181818181816
39,Senate,203,Unconditional Unionist,3,0.025,0.278,0.05566666666666667,0.3866666666666667
39,Senate,206,Unionist,1,-0.289,0.45,-0.289,0.45
40,President,200,Republican,1,,,,
40,House,100,Democrat,51,,,-0.3675999999999999,0.1506
40,House,112,Conservative,2,-0.034,0.3385,-0.034,0.3385
40,House,200,Republican,178,0.3105,-0.1045,0.30985955056179776,-0.12483707865168539
40,House,331,Ind. Republican,2,0.20799999999999996,0.06749999999999999,0.20799999999999996,0.06749999999999999
40,House,1116,Conservative Republican,1,0.068,0.95,0.068,0.95
40,Senate,100,Democrat,12,-0.4275,0.11649999999999999,-0.42799999999999994,0.08916666666666667
40,Senate,200,Republican,57,0.286,0.059,0.2555614035087719,0.09624561403508773
41,President,200,Republican,1,0.18,0.018,0.18,0.018
41,House,100,Democrat,72,-0.372,-0.025,-0.3678611111111112,0.056375
41,House,112,Conservative,6,-0.13299999999999998,0.442,-0.20516666666666664,0.3221666666666667
41,House,200,Republican,180,0.3255,-0.092,0.32267222222222225,-0.10814444444444445
41,Senate,100,Democrat,13,-0.42,-0.136,-0.4483846153846154,-0.09353846153846154
41,Senate,200,Republican,67,,,0.26113636363636367,0.08486363636363638
42,President,200,Republican,1,0.18,0.018,0.18,0.018
42,House,100,Democrat,106,-0.349,-0.018000000000000002,-0.3447264150943396,0.0011320754716981083
42,House,200,Republican,143,,,0.3239154929577465,-0.09351408450704225
42,House,208,Liberal Republican,4,-0.057,0.024500000000000022,-0.156,0.05350000000000002
42,House,331,Ind. Republican,1,0.467,0.639,0.467,0.639
42,Senate,100,Democrat,18,-0.4555,-0.236,-0.45788888888888896,-0.22144444444444444
42,Senate,200,Republican,56,0.2845,0.0445,0.26771428571428574,0.04637500000000001
42,Senate,208,Liberal Republican,1,0.022,-0.343,0.022,-0.343
43,President,200,Republican,1,0.18,0.018,0.18,0.018
43,House,100,Democrat,95,,,-0.3771382978723404,-0.026585106382978726
43,House,200,Republican,206,,,0.31739705882352937,-0.0945637254901961
43,House,208,Liberal Republican,4,,,-0.129,-0.0386666666666667
43,House,329,Ind. Democrat,1,-0.556,0.011,-0.556,0.011
43,House,331,Ind. Republican,1,0.223,-0.812,0.223,-0.812
43,Senate,100,Democrat,21,-0.42,-0.139,-0.48161904761904767,-0.19785714285714287
43,Senate,200,Republican,51,0.285,0.124,0.27466666666666667,0.08366666666666667
43,Senate,208,Liberal Republican,7,0.122,-0.343,0.14857142857142858,-0.21885714285714286
44,President,200,Republican,1,0.18,0.018,0.18,0.018
44,House,100,Democrat,189,,,-0.35573262032085556,-0.13332620320855615
44,House,200,Republican,111,0.364,-0.155,0.36216216216216224,-0.13411711711711713
44,House,328,Independent,4,0.019500000000000003,0.506,0.024749999999999994,0.3195
44,House,329,Ind. Democrat,1,-0.256,0.246,-0.256,0.246
44,House,331,Ind. Republican,4,0.3645,-0.56,0.37925,-0.4635
44,Senate,100,Democrat,34,,,-0.44569696969696976,-0.0896060606060606
44,Senate,200,Republican,47,0.274,0.106,0.25251063829787235,0.07763829787234043
44,Senate,331,Ind. Republican,1,0.104,-0.118,0.104,-0.118
45,President,200,Republican,1,,,,
45,House,100,Democrat,158,-0.3765,-0.084,-0.3734240506329114,-0.15486075949367087
45,House,200,Republican,143,0.379,-0.091,0.3680349650349651,-0.09222377622377623
45,House,329,Ind. Democrat,2,-0.349,0.0595,-0.349,0.0595
45,Senate,100,Democrat,38,-0.4175,-0.037000000000000005,-0.43657894736842107,-0.11352631578947368
45,Senate,200,Republican,43,0.274,0.13,0.2665581395348837,0.10606976744186049
45,Senate,328,Independent,1,-0.06,-0.083,-0.06,-0.083
46,President,200,Republican,1,,,,
46,House,100,Democrat,146,,,-0.3909862068965518,-0.04934482758620689
46,House,200,Republican,135,0.399,-0.129,0.39489629629629636,-0.12807407407407406
46,House,326,National Greenbacker,13,-0.036,0.992,-0.012461538461538465,0.8143076923076923
46,House,329,Ind. Democrat,7,,,-0.35333333333333333,0.16283333333333336
46,Senate,100,Democrat,45,-0.43,-0.039,-0.4526,-0.11675555555555554
46,Senate,200,Republican,35,0.286,0.059,0.29534285714285713,-0.027171428571428576
46,Senate,328,Independent,1,-0.06,-0.083,-0.06,-0.083
47,President,200,Republican,2,,,0.095,-0.995
47,House,100,Democrat,137,,,-0.39497794117647056,-0.06818382352941177
47,House,117,Readjuster Democrat,2,-0.008999999999999994,0.4875,-0.008999999999999994,0.4875
47,House,200,Republican,160,,,0.3877358490566038,-0.05075471698113208
47,House,326,National Greenbacker,10,0.0315,0.9915,0.013100000000000004,0.8629
47,House,328,Independent,1,0.259,-0.291,0.259,-0.291
47,House,329,Ind. Democrat,1,-0.165,0.087,-0.165,0.087
47,Senate,100,Democrat,38,-0.4335,0.007500000000000001,-0.4488157894736842,-0.05276315789473685
47,Senate,114,Readjuster,1,0.397,0.296,0.397,0.296
47,Senate,200,Republican,45,0.314,-0.158,0.31475555555555557,-0.11304444444444446
47,Senate,328,Independent,1,-0.06,-0.083,-0.06,-0.083
48,President,200,Republican,1,0.095,-0.995,0.095,-0.995
48,House,100,Democrat,203,-0.337,-0.062,-0.34691625615763544,-0.05284236453201971
48,House,114,Readjuster,6,,,0.31620000000000004,-0.1822
48,House,200,Republican,126,,,0.37748800000000005,0.0018240000000000018
48,House,326,National Greenbacker,3,-0.218,0.6,-0.06266666666666666,0.556
48,House,328,Independent,2,-0.178,-0.1455,-0.178,-0.1455
48,House,329,Ind. Democrat,3,-0.042,0.112,-0.20833333333333334,0.272
48,House,331,Ind. Republican,1,0.133,-0.991,0.133,-0.991
48,Senate,100,Democrat,36,-0.4335,-0.052,-0.4494444444444444,-0.09166666666666663
48,Senate,114,Readjuster,2,0.20400000000000001,0.23349999999999999,0.20400000000000001,0.23349999999999999
48,Senate,200,Republican,40,0.308,-0.2515,0.311025,-0.192675
49,President,100,Democrat,1,-0.362,-0.758,-0.362,-0.758
49,House,100,Democrat,188,,,-0.36570588235294116,-0.09301069518716577
49,House,200,Republican,143,0.391,0.022,0.38361538461538464,0.05334265734265734
49,House,326,National Greenbacker,1,-0.078,0.997,-0.078,0.997
49,House,329,Ind. Democrat,1,-0.181,-0.966,-0.181,-0.966
49,Senate,100,Democrat,39,-0.43,-0.071,-0.4458205128205128,-0.12566666666666665
49,Senate,200,Republican,45,0.288,-0.218,0.29806666666666665,-0.15866666666666665
50,President,100,Democrat,1,-0.362,-0.758,-0.362,-0.758
50,House,100,Democrat,171,,,-0.3702529411764706,-0.19561764705882353
50,House,200,Republican,154,,,0.39464052287581697,0.046895424836601314
50,House,326,National Greenbacker,1,-0.078,0.997,-0.078,0.997
50,House,328,Independent,1,0.337,0.016,0.337,0.016
50,House,331,Ind. Republican,2,0.177,0.9764999999999999,0.177,0.9764999999999999
50,House,355,Union,2,-0.156,0.7065,-0.156,0.7065
50,Senate,100,Democrat,37,-0.457,-0.071,-0.4588378378378378,-0.1230810810810811
50,Senate,200,Republican,40,0.287,-0.23049999999999998,0.28857499999999997,-0.17850000000000002
51,President,200,Republican,1,0.268,-0.182,0.268,-0.182
51,House,100,Democrat,170,,,-0.38360946745562136,-0.22989349112426033
51,House,200,Republican,184,0.408,0.0555,0.41166847826086966,0.09103804347826086
51,House,356,Union Labor,1,0.181,0.139,0.181,0.139
51,Senate,100,Democrat,38,-0.447,-0.07849999999999999,-0.4528421052631579,-0.12407894736842105
51,Senate,200,Republican,53,0.304,-0.183,0.3122264150943397,-0.10445283018867928
52,President,200,Republican,1,0.268,-0.182,0.268,-0.182
52,House,100,Democrat,248,,,-0.3414574898785425,-0.2368663967611336
52,House,200,Republican,91,,,0.4249213483146068,0.04412359550561798
52,House,340,Populist,8,-0.159,0.9864999999999999,-0.166125,0.983625
52,Senate,100,Democrat,45,-0.43,-0.086,-0.44111111111111106,-0.18468888888888887
52,Senate,200,Republican,49,0.305,-0.187,0.3106530612244898,-0.11573469387755103
52,Senate,340,Populist,2,-0.083,0.7395,-0.083,0.7395
53,President,100,Democrat,1,-0.362,-0.758,-0.362,-0.758
53,House,100,Democrat,229,,,-0.35149561403508767,-0.20302631578947364
53,House,200,Republican,135,,,0.43984210526315787,-0.0009548872180451044
53,House,329,Ind. Democrat,2,-0.21650000000000003,-0.738,-0.21650000000000003,-0.738
53,House,340,Populist,11,-0.16,0.986,-0.16463636363636366,0.8920909090909089
53,House,1060,Silver,1,-0.177,-0.067,-0.177,-0.067
53,Senate,100,Democrat,48,-0.4265,-0.0235,-0.4382291666666667,-0.15839583333333332
53,Senate,200,Republican,44,0.3115,-0.185,0.323,-0.1310227272727273
53,Senate,340,Populist,3,-0.108,0.977,-0.12666666666666668,0.8186666666666667
53,Senate,1060,Silver,1,0.252,0.215,0.252,0.215
54,President,100,Democrat,1,-0.362,-0.758,-0.362,-0.758
54,House,100,Democrat,107,,,-0.42202912621359223,-0.10036893203883494
54,House,200,Republican,255,,,0.41604347826086957,0.03907114624505927
54,House,340,Populist,9,-0.158,0.974,-0.11233333333333334,0.8963333333333333
54,House,1060,Silver,1,-0.177,-0.067,-0.177,-0.067
54,Senate,100,Democrat,40,-0.41400000000000003,-0.10550000000000001,-0.42285000000000006,-0.173075
54,Senate,200,Republican,44,0.3215,-0.1525,0.34618181818181815,-0.09086363636363637
54,Senate,340,Populist,4,-0.161,0.976,-0.15025,0.85775
54,Senate,1060,Silver,2,0.22799999999999998,0.2235,0.22799999999999998,0.2235
55,President,200,Republican,1,0.232,0.372,0.232,0.372
55,House,100,Democrat,132,-0.396,0.122,-0.3891363636363636,0.0620909090909091
55,House,200,Republican,212,0.4345,-0.047,0.43042924528301874,-0.041589622641509436
55,House,331,Ind. Republican,1,0.443,-0.085,0.443,-0.085
55,House,340,Populist,22,-0.2535,0.951,-0.24931818181818183,0.9162272727272728
55,House,354,Silver Republican,3,-0.198,0.465,-0.113,0.39266666666666666
55,House,1060,Silver,1,-0.177,-0.067,-0.177,-0.067
55,Senate,100,Democrat,38,,,-0.426054054054054,-0.12613513513513513
55,Senate,200,Republican,46,0.374,-0.303,0.381108695652174,-0.29484782608695653
55,Senate,340,Populist,5,-0.214,0.968,-0.191,0.8354000000000001
55,Senate,354,Silver Republican,5,0.095,0.825,0.06659999999999999,0.7901999999999999
55,Senate,1060,Silver,2,0.22799999999999998,0.2235,0.22799999999999998,0.2235
56,President,200,Republican,1,0.232,0.372,0.232,0.372
56,House,100,Democrat,170,,,-0.3644378698224852,-0.04897633136094674
56,House,200,Republican,197,0.442,-0.005,0.4372639593908629,-0.009670050761421316
56,House,340,Populist,7,-0.298,0.954,-0.3284285714285714,0.8594285714285714
56,House,354,Silver Republican,2,-0.124,0.2495,-0.124,0.2495
56,House,1060,Silver,1,-0.177,-0.067,-0.177,-0.067
56,Senate,100,Democrat,28,-0.4325,-0.061000000000000006,-0.41807142857142854,-0.09689285714285716
56,Senate,200,Republican,57,,,0.39685714285714285,-0.2184642857142857
56,Senate,340,Populist,5,-0.214,0.968,-0.191,0.8354000000000001
56,Senate,354,Silver Republican,3,0.071,0.825,0.026999999999999996,0.769
56,Senate,1060,Silver,2,0.22799999999999998,0.2235,0.22799999999999998,0.2235
57,President,200,Republican,2,0.3175,0.425,0.3175,0.425
57,House,100,Democrat,161,,,-0.36856875,0.01243125
57,House,200,Republican,206,0.4435,-0.0635,0.44768932038834947,-0.04515048543689321
57,House,340,Populist,5,-0.284,0.542,-0.2814,0.524
57,House,354,Silver Republican,1,-0.198,0.121,-0.198,0.121
57,Senate,100,Democrat,32,-0.397,-0.011000000000000001,-0.37375,-0.01946875000000001
57,Senate,200,Republican,60,0.4015,-0.295,0.39941666666666664,-0.19036666666666666
57,Senate,340,Populist,2,-0.188,0.8765000000000001,-0.188,0.8765000000000001
58,President,200,Republican,1,0.403,0.478,0.403,0.478
58,House,100,Democrat,182,,,-0.3638522727272728,-0.039823863636363636
58,House,200,Republican,215,,,0.4496869158878505,-0.0060981308411215025
58,House,331,Ind. Republican,3,0.58,-0.808,0.585,-0.7813333333333333
58,Senate,100,Democrat,33,-0.39,-0.144,-0.36054545454545456,-0.14130303030303032
58,Senate,200,Republican,60,0.435,-0.295,0.43371666666666664,-0.19931666666666664
59,President,200,Republican,1,0.403,0.478,0.403,0.478
59,House,100,Democrat,141,,,-0.3797753623188405,-0.038789855072463776
59,House,200,Republican,262,,,0.4447374517374517,-0.03572586872586873
59,Senate,100,Democrat,35,-0.395,-0.144,-0.3672,-0.13022857142857144
59,Senate,200,Republican,63,,,0.4358852459016394,-0.15665573770491806
60,President,200,Republican,1,0.403,0.478,0.403,0.478
60,House,100,Democrat,170,,,-0.3602142857142857,-0.05423809523809523
60,House,200,Republican,230,0.442,-0.0285,0.43848695652173914,-0.001908695652173921
60,House,331,Ind. Republican,1,0.551,-0.746,0.551,-0.746
60,Senate,100,Democrat,37,,,-0.3609722222222222,-0.1893055555555555
60,Senate,200,Republican,65,0.426,-0.187,0.4259076923076923,-0.09372307692307692
61,President,200,Republican,1,0.175,-0.985,0.175,-0.985
61,House,100,Democrat,180,,,-0.3526592178770949,-0.017905027932960893
61,House,200,Republican,222,0.432,-0.0505,0.4266936936936937,-0.03531981981981982
61,Senate,100,Democrat,40,,,-0.3611578947368421,-0.26155263157894737
61,Senate,200,Republican,63,0.417,-0.129,0.4174285714285714,-0.06557142857142856
62,President,200,Republican,1,0.175,-0.985,0.175,-0.985
62,House,100,Democrat,237,-0.32,-0.002,-0.32546835443037975,-0.038704641350210976
62,House,200,Republican,170,,,0.4135384615384616,0.03063313609467457
62,House,213,Progressive Republican,1,0.11,0.866,0.11,0.866
62,House,380,Socialist,1,0.176,0.635,0.176,0.635
62,Senate,100,Democrat,53,,,-0.30964705882352944,-0.17576470588235296
62,Senate,200,Republican,57,0.417,-0.128,0.4074210526315789,-0.023263157894736843
63,President,100,Democrat,1,-0.398,-0.559,-0.398,-0.559
63,House,100,Democrat,305,,,-0.3080132890365449,-0.04552491694352161
63,House,200,Republican,139,,,0.4036449275362319,0.049318840579710144
63,House,328,Independent,1,0.083,0.203,0.083,0.203
63,House,370,Progressive,9,0.29,0.557,0.28855555555555557,0.40066666666666667
63,Senate,100,Democrat,56,-0.278,-0.141,-0.2809464285714286,-0.14958928571428573
63,Senate,200,Republican,44,0.4175,-0.038,0.4068863636363636,0.03036363636363636
63,Senate,370,Progressive,1,0.199,0.341,0.199,0.341
64,President,100,Democrat,1,-0.398,-0.559,-0.398,-0.559
64,House,100,Democrat,235,,,-0.3137905982905983,0.08239743589743591
64,House,200,Republican,200,0.4105,0.013,0.40984000000000004,-0.044395000000000004
64,House,328,Independent,1,0.083,0.203,0.083,0.203
64,House,347,Prohibitionist,1,0.026,0.591,0.026,0.591
64,House,370,Progressive,6,0.313,-0.059000000000000004,0.24583333333333332,-0.03316666666666668
64,House,380,Socialist,1,-0.026,0.512,-0.026,0.512
64,Senate,100,Democrat,58,-0.2865,-0.0635,-0.28468965517241374,-0.09534482758620691
64,Senate,200,Republican,42,0.432,-0.0495,0.4216666666666667,0.024833333333333343
65,President,100,Democrat,1,-0.398,-0.559,-0.398,-0.559
65,House,100,Democrat,226,,,-0.3076488888888889,0.11936444444444445
65,House,200,Republican,225,,,0.4080403587443946,-0.030161434977578467
65,House,331,Ind. Republican,1,0.178,0.036,0.178,0.036
65,House,347,Prohibitionist,1,0.026,0.591,0.026,0.591
65,House,370,Progressive,3,0.214,0.233,0.13433333333333333,0.29133333333333333
65,House,380,Socialist,1,-0.026,0.512,-0.026,0.512
65,Senate,100,Democrat,62,,,-0.27860655737704915,-0.12242622950819672
65,Senate,200,Republican,49,,,0.41863829787234047,0.033446808510638304
66,President,100,Democrat,1,-0.398,-0.559,-0.398,-0.559
66,House,100,Democrat,204,-0.3195,0.2575,-0.31084803921568627,0.12004411764705883
66,House,200,Republican,248,0.4095,0.058499999999999996,0.4045,0.0018629032258064577
66,House,331,Ind. Republican,1,0.194,0.981,0.194,0.981
66,House,347,Prohibitionist,1,0.026,0.591,0.026,0.591
66,House,356,Union Labor,1,-0.077,0.786,-0.077,0.786
66,Senate,100,Democrat,50,-0.281,-0.14,-0.29324000000000006,-0.15808
66,Senate,200,Republican,51,0.426,-0.055,0.42507843137254897,0.03303921568627451
67,President,200,Republican,1,0.445,-0.748,0.445,-0.748
67,House,100,Democrat,138,-0.312,0.4085,-0.3096086956521739,0.3182536231884058
67,House,200,Republican,313,,,0.39454340836012863,0.005961414790996777
67,House,331,Ind. Republican,1,0.452,-0.062,0.452,-0.062
67,House,380,Socialist,1,-0.026,0.512,-0.026,0.512
67,Senate,100,Democrat,40,,,-0.2864102564102564,-0.1387948717948718
67,Senate,200,Republican,67,,,0.4207424242424242,0.06345454545454546
68,President,200,Republican,2,0.4205,-0.219,0.4205,-0.219
68,House,100,Democrat,218,,,-0.2885576036866359,0.24305990783410134
68,House,200,Republican,233,0.413,0.109,0.40713733905579397,0.0536824034334764
68,House,380,Socialist,1,0.176,0.635,0.176,0.635
68,House,537,Farmer-Labor,2,0.151,0.9884999999999999,0.151,0.9884999999999999
68,Senate,100,Democrat,43,-0.259,-0.028,-0.2532790697674419,-0.09018604651162793
68,Senate,200,Republican,59,0.43,0.057,0.4138983050847458,0.060830508474576286
68,Senate,537,Farmer-Labor,2,0.19,0.9079999999999999,0.19,0.9079999999999999
69,President,200,Republican,1,0.396,0.31,0.396,0.31
69,House,100,Democrat,185,-0.265,0.521,-0.28051891891891895,0.32904864864864863
69,House,200,Republican,253,,,0.39469600000000005,0.008624000000000003
69,House,380,Socialist,1,0.176,0.635,0.176,0.635
69,House,523,American Labor,1,0.208,0.66,0.208,0.66
69,House,537,Farmer-Labor,3,0.151,0.988,0.075,0.9209999999999999
69,Senate,100,Democrat,43,-0.267,-0.055,-0.26865116279069773,-0.09153488372093024
69,Senate,200,Republican,61,0.419,0.14,0.39796721311475414,0.14557377049180328
69,Senate,537,Farmer-Labor,1,0.21,0.978,0.21,0.978
70,President,200,Republican,1,0.396,0.31,0.396,0.31
70,House,100,Democrat,198,-0.2655,0.523,-0.285979797979798,0.309010101010101
70,House,200,Republican,243,,,0.382402489626556,0.01998340248962656
70,House,380,Socialist,1,0.176,0.635,0.176,0.635
70,House,537,Farmer-Labor,2,0.037,0.887,0.037,0.887
70,Senate,100,Democrat,48,-0.263,-0.034,-0.2726875,-0.05002083333333334
70,Senate,200,Republican,54,,,0.39249056603773586,0.14873584905660378
70,Senate,537,Farmer-Labor,1,0.21,0.978,0.21,0.978
71,President,200,Republican,1,,,,
71,House,100,Democrat,177,,,-0.28365317919075145,0.29816184971098264
71,House,200,Republican,278,,,0.36887003610108304,0.014635379061371835
71,House,537,Farmer-Labor,2,-0.013999999999999999,0.349,-0.013999999999999999,0.349
71,Senate,100,Democrat,44,-0.268,0.0005000000000000004,-0.2784772727272728,0.01261363636363636
71,Senate,200,Republican,64,0.4185,0.0465,0.40342187500000004,0.06815625
71,Senate,537,Farmer-Labor,1,0.21,0.978,0.21,0.978
72,President,200,Republican,1,,,,
72,House,100,Democrat,231,-0.249,0.503,-0.2556926406926407,0.3235974025974026
72,House,200,Republican,221,,,0.36033181818181814,-0.035872727272727264
72,House,537,Farmer-Labor,1,-0.179,-0.29,-0.179,-0.29
72,Senate,100,Democrat,53,,,-0.2273846153846154,0.16390384615384615
72,Senate,200,Republican,52,0.3705,0.07400000000000001,0.3671346153846153,0.08121153846153847
72,Senate,537,Farmer-Labor,1,0.21,0.978,0.21,0.978
73,President,100,Democrat,1,-0.368,0.245,-0.368,0.245
73,House,100,Democrat,322,-0.2415,0.3105,-0.25148757763975155,0.2152639751552795
73,House,200,Republican,120,0.348,-0.2025,0.3310916666666666,-0.24065
73,House,537,Farmer-Labor,5,0.17,0.435,0.10659999999999999,0.45619999999999994
73,Senate,100,Democrat,65,-0.221,0.243,-0.20793846153846157,0.2461076923076923
73,Senate,200,Republican,37,0.323,0.048,0.33194594594594595,0.09632432432432432
73,Senate,537,Farmer-Labor,1,0.21,0.978,0.21,0.978
74,President,100,Democrat,1,-0.368,0.245,-0.368,0.245
74,House,100,Democrat,329,,,-0.2556207951070336,0.18163302752293578
74,House,200,Republican,105,0.318,-0.243,0.3050761904761905,-0.27012380952380954
74,House,370,Progressive,7,-0.119,-0.744,-0.10757142857142858,-0.448
74,House,537,Farmer-Labor,3,-0.179,-0.29,-0.07666666666666667,0.03099999999999999
74,Senate,100,Democrat,77,,,-0.20784000000000002,0.2311333333333333
74,Senate,200,Republican,26,,,0.29719999999999996,0.17260000000000006
74,Senate,370,Progressive,1,0.048,0.95,0.048,0.95
74,Senate,537,Farmer-Labor,2,0.11499999999999999,0.989,0.11499999999999999,0.989
75,President,100,Democrat,1,-0.368,0.245,-0.368,0.245
75,House,100,Democrat,343,,,-0.2559705882352941,0.16919999999999996
75,House,200,Republican,94,,,0.31353763440860216,-0.17730107526881722
75,House,370,Progressive,8,-0.14150000000000001,-0.5085,-0.15075,-0.42124999999999996
75,House,537,Farmer-Labor,5,-0.28,-0.936,-0.2782,-0.7458
75,Senate,100,Democrat,84,,,-0.22764634146341464,0.24249999999999997
75,Senate,200,Republican,19,,,0.26688235294117646,0.04182352941176469
75,Senate,328,Independent,1,0.134,0.991,0.134,0.991
75,Senate,370,Progressive,1,0.048,0.95,0.048,0.95
75,Senate,537,Farmer-Labor,2,0.2135,0.977,0.2135,0.977
76,President,100,Democrat,1,-0.368,0.245,-0.368,0.245
76,House,100,Democrat,276,,,-0.24912454212454216,0.27438095238095234
76,House,200,Republican,178,0.3025,-0.2435,0.3081629213483146,-0.24989325842696627
76,House,370,Progressive,2,-0.101,-0.5375000000000001,-0.101,-0.5375000000000001
76,House,522,American Labor,1,-0.415,-0.91,-0.415,-0.91
76,House,537,Farmer-Labor,1,-0.268,-0.593,-0.268,-0.593
76,Senate,100,Democrat,73,-0.224,0.243,-0.2204931506849315,0.26094520547945205
76,Senate,200,Republican,27,0.246,-0.172,0.25392592592592594,-0.10059259259259258
76,Senate,328,Independent,1,0.134,0.991,0.134,0.991
76,Senate,370,Progressive,1,0.048,0.95,0.048,0.95
76,Senate,537,Farmer-Labor,2,0.2135,0.977,0.2135,0.977
77,President,100,Democrat,1,-0.368,0.245,-0.368,0.245
77,House,100,Democrat,278,,,-0.2575978260869565,0.2623876811594203
77,House,200,Republican,170,,,0.3129107142857143,-0.24004166666666665
77,House,329,Ind. Democrat,1,-0.302,0.6,-0.302,0.6
77,House,370,Progressive,3,-0.119,-0.744,-0.107,-0.6063333333333334
77,House,522,American Labor,1,-0.415,-0.91,-0.415,-0.91
77,House,537,Farmer-Labor,1,-0.268,-0.593,-0.268,-0.593
77,Senate,100,Democrat,76,,,-0.21764383561643835,0.3073013698630137
77,Senate,200,Republican,31,,,0.25416666666666665,-0.09436666666666665
77,Senate,328,Independent,1,0.134,0.991,0.134,0.991
77,Senate,370,Progressive,1,0.048,0.95,0.048,0.95
78,President,100,Democrat,1,-0.368,0.245,-0.368,0.245
78,House,100,Democrat,229,,,-0.24857456140350875,0.36193859649122817
78,House,200,Republican,218,0.3025,-0.267,0.3017201834862386,-0.28126146788990825
78,House,370,Progressive,2,-0.0785,-0.5085,-0.0785,-0.5085
78,House,522,American Labor,1,-0.415,-0.91,-0.415,-0.91
78,House,537,Farmer-Labor,1,0.099,-0.031,0.099,-0.031
78,Senate,100,Democrat,61,,,-0.1951333333333333,0.2798
78,Senate,200,Republican,42,0.277,-0.041,0.2917380952380953,-0.09192857142857143
78,Senate,370,Progressive,1,0.048,0.95,0.048,0.95
79,President,100,Democrat,2,-0.371,0.1295,-0.371,0.1295
79,House,100,Democrat,250,-0.2575,0.404,-0.26460400000000006,0.33790000000000003
79,House,200,Republican,195,0.297,-0.243,0.3034564102564103,-0.24404615384615383
79,House,370,Progressive,1,-0.038,-0.273,-0.038,-0.273
79,House,522,American Labor,1,-0.415,-0.91,-0.415,-0.91
79,Senate,100,Democrat,66,,,-0.219,0.3218153846153846
79,Senate,200,Republican,42,0.271,-0.1365,0.27495238095238095,-0.151
79,Senate,370,Progressive,1,0.048,0.95,0.048,0.95
80,President,100,Democrat,1,-0.374,0.014,-0.374,0.014
80,House,100,Democrat,194,-0.2195,0.6275,-0.23732474226804126,0.48745876288659795
80,House,200,Republican,253,0.278,-0.3,0.2853438735177866,-0.3126600790513834
80,House,522,American Labor,2,-0.7075,-0.464,-0.7075,-0.464
80,Senate,100,Democrat,47,-0.195,0.564,-0.191531914893617,0.46629787234042547
80,Senate,200,Republican,51,0.287,-0.172,0.2927843137254902,-0.20268627450980392
81,President,100,Democrat,1,-0.374,0.014,-0.374,0.014
81,House,100,Democrat,267,-0.303,0.344,-0.2755692883895131,0.357876404494382
81,House,200,Republican,176,0.2715,-0.2365,0.2770056818181818,-0.2542840909090909
81,House,402,Liberal,1,-0.619,-0.188,-0.619,-0.188
81,House,522,American Labor,1,-0.415,-0.91,-0.415,-0.91
81,Senate,100,Democrat,62,,,-0.23939344262295084,0.3625901639344263
81,Senate,200,Republican,47,0.248,-0.247,0.26653191489361705,-0.28917021276595745
82,President,100,Democrat,1,-0.374,0.014,-0.374,0.014
82,House,100,Democrat,240,-0.2855,0.4305,-0.26233333333333336,0.421
82,House,200,Republican,207,0.271,-0.219,0.2800193236714976,-0.255183574879227
82,House,328,Independent,1,-0.151,-0.025,-0.151,-0.025
82,Senate,100,Democrat,51,-0.206,0.477,-0.2003333333333333,0.41521568627450983
82,Senate,200,Republican,48,0.273,-0.325,0.276,-0.29039583333333335
83,President,200,Republican,1,0.281,-0.864,0.281,-0.864
83,House,100,Democrat,218,-0.271,0.5655,-0.25334403669724775,0.4754816513761468
83,House,200,Republican,222,0.2745,-0.2285,0.27765765765765765,-0.24605405405405406
83,House,328,Independent,1,-0.151,-0.025,-0.151,-0.025
83,Senate,100,Democrat,54,,,-0.19179245283018867,0.47145283018867923
83,Senate,200,Republican,56,,,0.28679629629629627,-0.3575925925925926
83,Senate,328,Independent,1,-0.851,0.525,-0.851,0.525
84,President,200,Republican,1,0.281,-0.864,0.281,-0.864
84,House,100,Democrat,235,-0.305,0.407,-0.2790978723404255,0.439663829787234
84,House,200,Republican,203,0.268,-0.214,0.2772512315270936,-0.21974384236453204
84,Senate,100,Democrat,51,-0.242,0.428,-0.23023529411764707,0.4258627450980392
84,Senate,200,Republican,47,0.28,-0.334,0.2804893617021277,-0.32559574468085106
84,Senate,328,Independent,1,-0.851,0.525,-0.851,0.525
85,President,200,Republican,1,0.281,-0.864,0.281,-0.864
85,House,100,Democrat,240,-0.306,0.4435,-0.28277916666666664,0.4623291666666667
85,House,200,Republican,204,0.2645,-0.2365,0.2682205882352941,-0.24694117647058822
85,Senate,100,Democrat,53,-0.242,0.525,-0.2339622641509434,0.45594339622641505
85,Senate,200,Republican,48,0.28,-0.35750000000000004,0.26785416666666667,-0.3371458333333333
86,President,200,Republican,1,0.281,-0.864,0.281,-0.864
86,House,100,Democrat,286,-0.313,0.349,-0.2957097902097902,0.4146048951048951
86,House,200,Republican,157,,,0.2667179487179487,-0.2283653846153846
86,House,329,Ind. Democrat,1,0.011,1.0,0.011,1.0
86,Senate,100,Democrat,67,-0.265,0.387,-0.2724477611940298,0.36885074626865666
86,Senate,200,Republican,36,0.257,-0.389,0.2559444444444444,-0.3635277777777778
87,President,100,Democrat,1,-0.472,-0.487,-0.472,-0.487
87,House,100,Democrat,273,-0.304,0.352,-0.2772857142857143,0.4203076923076923
87,House,200,Republican,177,,,0.2623693181818182,-0.22107954545454545
87,Senate,100,Democrat,65,-0.296,0.391,-0.27789230769230766,0.38735384615384616
87,Senate,200,Republican,40,0.2775,-0.4,0.26894999999999997,-0.3872
88,President,100,Democrat,2,-0.40449999999999997,-0.261,-0.40449999999999997,-0.261
88,House,100,Democrat,262,-0.3275,0.324,-0.2920458015267176,0.38387786259541984
88,House,200,Republican,181,0.25,-0.187,0.25601657458563537,-0.21572928176795578
88,Senate,100,Democrat,69,-0.311,0.31,-0.2911739130434782,0.34088405797101445
88,Senate,200,Republican,33,0.232,-0.434,0.27842424242424246,-0.42957575757575756
89,President,100,Democrat,1,-0.337,-0.035,-0.337,-0.035
89,House,100,Democrat,301,-0.327,0.229,-0.3007641196013289,0.3066976744186046
89,House,200,Republican,143,0.243,-0.192,0.24582517482517485,-0.20940559440559442
89,Senate,100,Democrat,70,-0.316,0.31,-0.2972714285714285,0.3352571428571428
89,Senate,200,Republican,33,0.308,-0.418,0.27957575757575753,-0.3882424242424242
90,President,100,Democrat,1,-0.337,-0.035,-0.337,-0.035
90,House,100,Democrat,250,-0.3425,0.2365,-0.29552,0.317728
90,House,200,Republican,189,0.241,-0.157,0.243026455026455,-0.19259259259259262
90,Senate,100,Democrat,64,-0.312,0.31,-0.29890625,0.34143749999999995
90,Senate,200,Republican,37,0.275,-0.434,0.253,-0.4267837837837838
91,President,200,Republican,1,0.552,-0.834,0.552,-0.834
91,House,100,Democrat,250,-0.3445,0.2275,-0.309768,0.28912800000000005
91,House,200,Republican,199,0.244,-0.13,0.25462311557788947,-0.1772814070351759
91,Senate,100,Democrat,58,-0.319,0.2545,-0.289051724137931,0.34600000000000003
91,Senate,200,Republican,44,0.273,-0.4435,0.25084090909090906,-0.4462045454545454
92,President,200,Republican,1,0.552,-0.834,0.552,-0.834
92,House,100,Democrat,259,-0.344,0.256,-0.31054826254826257,0.2947104247104247
92,House,200,Republican,185,0.246,-0.144,0.25439999999999996,-0.17674594594594595
92,Senate,100,Democrat,56,-0.31,0.27149999999999996,-0.28675,0.35578571428571426
92,Senate,112,Conservative,1,0.499,-0.441,0.499,-0.441
92,Senate,200,Republican,45,0.271,-0.445,0.2332222222222222,-0.4587555555555555
92,Senate,328,Independent,1,0.092,0.968,0.092,0.968
93,President,200,Republican,2,0.529,-0.79,0.529,-0.79
93,House,100,Democrat,246,-0.3505,0.217,-0.3234674796747968,0.23640650406504068
93,House,200,Republican,195,0.25,-0.118,0.2609435897435897,-0.14995384615384616
93,House,329,Ind. Democrat,1,-0.418,-0.054,-0.418,-0.054
93,Senate,100,Democrat,57,-0.319,0.254,-0.3258421052631578,0.29577192982456135
93,Senate,112,Conservative,1,0.499,-0.441,0.499,-0.441
93,Senate,200,Republican,43,0.278,-0.434,0.26483720930232557,-0.38372093023255816
93,Senate,328,Independent,1,0.092,0.968,0.092,0.968
94,President,200,Republican,1,0.506,-0.746,0.506,-0.746
94,House,100,Democrat,294,-0.3385,0.11649999999999999,-0.31528911564625856,0.14188095238095239
94,House,200,Republican,147,0.25,-0.118,0.26502721088435377,-0.17488435374149658
94,Senate,100,Democrat,61,-0.319,0.223,-0.3245409836065573,0.2748688524590164
94,Senate,112,Conservative,1,0.499,-0.441,0.499,-0.441
94,Senate,200,Republican,38,0.28049999999999997,-0.4175,0.2708421052631579,-0.37828947368421056
94,Senate,328,Independent,1,0.092,0.968,0.092,0.968
95,President,100,Democrat,1,-0.504,0.119,-0.504,0.119
95,House,100,Democrat,294,-0.3235,0.111,-0.30591496598639456,0.11869047619047618
95,House,200,Republican,147,0.262,-0.132,0.26716326530612244,-0.1783877551020408
95,Senate,100,Democrat,65,-0.329,0.31,-0.31964615384615386,0.29378461538461537
95,Senate,200,Republican,38,0.2935,-0.4605,0.26902631578947367,-0.4055789473684211
95,Senate,328,Independent,1,0.092,0.968,0.092,0.968
96,President,100,Democrat,1,-0.504,0.119,-0.504,0.119
96,House,100,Democrat,281,-0.321,0.094,-0.30133451957295376,0.10965480427046263
96,House,200,Republican,161,0.281,-0.154,0.29479503105590066,-0.17837888198757765
96,Senate,100,Democrat,59,-0.319,0.209,-0.312864406779661,0.26228813559322034
96,Senate,200,Republican,41,0.275,-0.445,0.2766341463414634,-0.3949756097560975
96,Senate,328,Independent,1,0.092,0.968,0.092,0.968
97,President,200,Republican,1,0.692,-0.713,0.692,-0.713
97,House,100,Democrat,247,-0.32,0.07,-0.3004331983805668,0.0921174089068826
97,House,200,Republican,196,0.307,-0.1685,0.30653061224489797,-0.1985714285714286
97,House,328,Independent,1,-0.506,-0.057,-0.506,-0.057
97,Senate,100,Democrat,46,-0.314,0.311,-0.2993043478260869,0.2607608695652174
97,Senate,200,Republican,54,0.294,-0.313,0.31055555555555553,-0.3167777777777778
97,Senate,328,Independent,1,0.092,0.968,0.092,0.968
98,President,200,Republican,1,0.692,-0.713,0.692,-0.713
98,House,100,Democrat,272,-0.317,0.049,-0.3017573529411765,0.07079779411764706
98,House,200,Republican,168,,,0.3256826347305389,-0.20649700598802395
98,Senate,100,Democrat,46,-0.314,0.2595,-0.3013260869565217,0.24667391304347822
98,Senate,200,Republican,55,0.283,-0.279,0.3073818181818182,-0.30292727272727277
99,President,200,Republican,1,0.692,-0.713,0.692,-0.713
99,House,100,Democrat,257,-0.32,0.058,-0.3094980544747082,0.0818715953307393
99,House,200,Republican,182,0.344,-0.20650000000000002,0.33379120879120877,-0.2121758241758242
99,Senate,100,Democrat,47,-0.322,0.155,-0.3055957446808511,0.21527659574468083
99,Senate,200,Republican,54,0.281,-0.267,0.31416666666666665,-0.2841296296296296
100,President,200,Republican,1,0.692,-0.713,0.692,-0.713
100,House,100,Democrat,262,-0.32,0.049,-0.3092709923664122,0.08524809160305342
100,House,200,Republican,179,0.346,-0.221,0.335340782122905,-0.23275418994413405
100,Senate,100,Democrat,55,-0.313,0.137,-0.2943636363636364,0.20025454545454538
100,Senate,200,Republican,46,0.3025,-0.30800000000000005,0.31406521739130433,-0.33358695652173914
101,President,200,Republican,1,0.557,-0.547,0.557,-0.547
101,House,100,Democrat,265,-0.32,0.012,-0.31299245283018867,0.08143396226415095
101,House,200,Republican,180,0.344,-0.225,0.33964444444444447,-0.24771111111111116
101,Senate,100,Democrat,56,-0.306,0.031,-0.2934285714285715,0.12326785714285712
101,Senate,200,Republican,46,0.316,-0.30000000000000004,0.32302173913043475,-0.3009347826086956
102,President,200,Republican,1,0.557,-0.547,0.557,-0.547
102,House,100,Democrat,270,-0.32,0.0115,-0.31414444444444445,0.0808814814814815
102,House,200,Republican,170,0.3495,-0.2115,0.34473529411764703,-0.22881764705882354
102,House,328,Independent,1,-0.546,-0.429,-0.546,-0.429
102,Senate,100,Democrat,58,-0.311,0.01,-0.29917241379310344,0.10601724137931035
102,Senate,200,Republican,44,0.307,-0.3015,0.3198181818181818,-0.30570454545454545
103,President,100,Democrat,1,-0.438,0.033,-0.438,0.033
103,House,100,Democrat,266,,,-0.3338282442748091,0.06991603053435114
103,House,200,Republican,180,0.377,-0.1435,0.37097222222222226,-0.18103333333333332
103,House,328,Independent,1,-0.546,-0.429,-0.546,-0.429
103,Senate,100,Democrat,57,-0.309,-0.012,-0.29629824561403506,0.07419298245614035
103,Senate,200,Republican,45,0.346,-0.275,0.33766666666666667,-0.26699999999999996
104,President,100,Democrat,1,-0.438,0.033,-0.438,0.033
104,House,100,Democrat,208,-0.3805,-0.0055,-0.3612644230769231,0.0625769230769231
104,House,200,Republican,236,0.3845,-0.0905,0.3966101694915254,-0.1174957627118644
104,House,328,Independent,1,-0.546,-0.429,-0.546,-0.429
104,Senate,100,Democrat,48,-0.3085,-0.0485,-0.30175,0.00829166666666665
104,Senate,200,Republican,55,0.361,-0.234,0.351109090909091,-0.2315272727272727
105,President,100,Democrat,1,-0.438,0.033,-0.438,0.033
105,House,100,Democrat,212,-0.3835,-0.03,-0.37557547169811323,0.03649528301886793
105,House,200,Republican,231,0.39,-0.053,0.4015541125541125,-0.07353246753246752
105,House,328,Independent,1,-0.546,-0.429,-0.546,-0.429
105,Senate,100,Democrat,45,-0.308,-0.067,-0.31035555555555555,-0.049577777777777776
105,Senate,200,Republican,55,0.381,-0.181,0.3737636363636364,-0.1769454545454545
106,President,100,Democrat,1,-0.438,0.033,-0.438,0.033
106,House,100,Democrat,213,-0.384,-0.026,-0.3727887323943663,0.04474178403755869
106,House,200,Republican,225,0.391,-0.026,0.4040222222222222,-0.056737777777777776
106,House,328,Independent,2,0.01849999999999996,0.05600000000000002,0.01849999999999996,0.05600000000000002
106,Senate,100,Democrat,46,-0.302,-0.0855,-0.29467391304347823,-0.06297826086956522
106,Senate,200,Republican,56,0.3735,-0.188,0.36391071428571425,-0.21801785714285712
107,President,200,Republican,1,0.693,-0.539,0.693,-0.539
107,House,100,Democrat,214,-0.3845,-0.0325,-0.37671962616822435,0.04036915887850467
107,House,200,Republican,228,0.4025,0.010499999999999999,0.4096359649122807,-0.02728508771929825
107,House,328,Independent,2,0.01849999999999996,0.05600000000000002,0.01849999999999996,0.05600000000000002
107,Senate,100,Democrat,50,-0.308,-0.079,-0.29468,-0.04154
107,Senate,200,Republican,50,0.3815,-0.1295,0.36886,-0.19444000000000003
107,Senate,328,Independent,2,,,-0.277,-0.603
108,President,200,Republican,1,0.693,-0.539,0.693,-0.539
108,House,100,Democrat,208,-0.3825,-0.036000000000000004,-0.37622115384615384,0.048274038461538465
108,House,200,Republican,231,0.403,0.022,0.41674458874458875,-0.008450216450216446
108,House,328,Independent,1,-0.546,-0.429,-0.546,-0.429
108,Senate,100,Democrat,48,-0.3085,-0.079,-0.29189583333333335,-0.040916666666666636
108,Senate,200,Republican,51,0.364,-0.128,0.3576274509803922,-0.1883137254901961
108,Senate,328,Independent,1,-0.277,-0.603,-0.277,-0.603
109,President,200,Republican,1,0.693,-0.539,0.693,-0.539
109,House,100,Democrat,203,-0.392,-0.04,-0.3871576354679803,0.031586206896551734
109,House,200,Republican,236,,,0.4227617021276595,0.00044255319148936396
109,House,328,Independent,1,-0.546,-0.429,-0.546,-0.429
109,Senate,100,Democrat,45,-0.326,-0.128,-0.3077333333333333,-0.09873333333333333
109,Senate,200,Republican,55,0.381,-0.121,0.37794545454545464,-0.1638181818181818
109,Senate,328,Independent,1,-0.277,-0.603,-0.277,-0.603
110,President,200,Republican,1,0.693,-0.539,0.693,-0.539
110,House,100,Democrat,246,,,-0.3683045267489713,0.044481481481481476
110,House,200,Republican,207,,,0.4394417475728154,0.03187864077669903
110,Senate,100,Democrat,50,-0.3135,-0.1235,-0.29494,-0.0849
110,Senate,200,Republican,51,0.395,-0.11,0.3915686274509804,-0.14141176470588235
110,Senate,328,Independent,1,-0.546,-0.429,-0.546,-0.429
111,President,100,Democrat,1,-0.358,-0.197,-0.358,-0.197
111,House,100,Democrat,269,,,-0.348822641509434,0.038445283018867925
111,House,200,Republican,183,0.446,0.061,0.4561857923497266,0.035306010928961754
111,House,328,Independent,2,,,,
111,Senate,100,Democrat,66,-0.3165,-0.10650000000000001,-0.30854545454545457,-0.07015151515151515
111,Senate,200,Republican,44,0.3985,-0.0645,0.39675,-0.11863636363636364
111,Senate,328,Independent,1,-0.546,-0.429,-0.546,-0.429
112,President,100,Democrat,1,-0.358,-0.197,-0.358,-0.197
112,House,100,Democrat,200,-0.399,-0.078,-0.39325000000000004,-0.031955
112,House,200,Republican,245,0.467,0.06,0.4671836734693878,0.040081632653061215
112,Senate,100,Democrat,53,-0.319,-0.126,-0.3002264150943396,-0.06941509433962263
112,Senate,200,Republican,48,0.413,-0.0645,0.44385416666666666,-0.08458333333333334
112,Senate,328,Independent,1,-0.546,-0.429,-0.546,-0.429
113,President,100,Democrat,1,-0.358,-0.197,-0.358,-0.197
113,House,100,Democrat,204,-0.393,-0.078,-0.3843774509803922,-0.06873039215686275
113,House,200,Republican,240,0.49,0.088,0.4816666666666667,0.0519375
113,Senate,100,Democrat,57,-0.335,-0.128,-0.3259122807017544,-0.08052631578947368
113,Senate,200,Republican,46,0.425,-0.0075,0.4698260869565217,-0.03778260869565218
113,Senate,328,Independent,2,-0.35800000000000004,-0.304,-0.35800000000000004,-0.304
114,President,100,Democrat,1,-0.358,-0.197,-0.358,-0.197
114,House,100,Democrat,190,-0.396,-0.078,-0.3944421052631578,-0.07623684210526314
114,House,200,Republican,251,0.49,0.077,0.47990039840637455,0.04802788844621514
114,Senate,100,Democrat,44,-0.3365,-0.1535,-0.33299999999999996,-0.12902272727272726
114,Senate,200,Republican,54,0.445,-0.0275,0.47620370370370374,-0.045944444444444434
114,Senate,328,Independent,2,-0.35800000000000004,-0.304,-0.35800000000000004,-0.304
115,President,200.0,Republican,1,0.403,0.162,0.403,0.162
115,House,100.0,Democrat,200,-0.393,-0.061,-0.388465,-0.05396
115,House,200.0,Republican,250,0.497,0.0805,0.489044,0.045040000000000004
115,Senate,100.0,Democrat,48,-0.339,-0.14250000000000002,-0.33493749999999994,-0.10916666666666668
115,Senate,200.0,Republican,55,0.461,-0.026,0.4869272727272728,-0.025436363636363632
115,Senate,328.0,Independent,2,-0.35800000000000004,-0.304,-0.35800000000000004,-0.304
116,President,200.0,Republican,1,0.403,0.162,0.403,0.162
116,House,100.0,Democrat,241,,,-0.37177916666666666,-0.0011708333333333338
116,House,200.0,Republican,208,0.5045,0.113,0.5002067307692308,0.05935576923076923
116,House,328.0,Independent,2,,,0.359,-0.933
116,Senate,100.0,Democrat,46,-0.339,-0.14250000000000002,-0.342695652173913,-0.12156521739130434
116,Senate,200.0,Republican,54,0.4615,-0.014,0.498888888888889,0.025555555555555554
116,Senate,328.0,Independent,2,-0.35800000000000004,-0.304,-0.35800000000000004,-0.304
117,President,100.0,Democrat,1,-0.32,0.283,-0.32,0.283
117,President,200.0,Republican,1,0.403,0.162,0.403,0.162
117,House,100.0,Democrat,232,-0.3845,-0.0325,-0.3792068965517241,-0.03167672413793103
117,House,200.0,Republican,223,0.498,0.129,0.5025784753363228,0.06589237668161435
117,Senate,100.0,Democrat,49,-0.343,-0.137,-0.3520612244897959,-0.10677551020408163
117,Senate,200.0,Republican,51,0.505,-0.017,0.5255098039215687,0.0187843137254902
117,Senate,328.0,Independent,2,-0.35800000000000004,-0.304,-0.35800000000000004,-0.304
118,President,100,Democrat,1,-0.32,0.283,-0.32,0.283
118,House,100,Democrat,221,-0.389,-0.05,-0.3841176470588235,-0.04382805429864253
118,House,200,Republican,230,0.504,0.1095,0.5081391304347826,0.0560086956521739
118,Senate,100,Democrat,52,-0.346,-0.14250000000000002,-0.3505384615384614,-0.10488461538461538
118,Senate,200,Republican,49,0.536,0.029,0.5443673469387755,0.04410204081632652
118,Senate,328,Independent,4,-0.178,-0.304,-0.2405,-0.2565
119,President,200,Republican,1,0.403,0.162,0.403,0.162
119,House,100,Democrat,224,,,-0.38636036036036037,-0.04145945945945946
119,House,200,Republican,227,0.53,0.071,0.5236079295154185,0.05117180616740087
119,House,328,Independent,1,0.152,0.357,0.152,0.357
119,Senate,100,Democrat,45,-0.356,-0.137,-0.36722222222222217,-0.09053333333333333
119,Senate,200,Republican,57,0.558,0.083,0.5553859649122808,0.0816842105263158
119,Senate,328,Independent,2,-0.35800000000000004,-0.304,-0.35800000000000004,-0.304
