dataset_id,source,url,local_path,bytes,sha256,http_status,downloaded_at_utc,status,note
D1,OpenFEMA,https://www.fema.gov/api/open/v1/DeclarationDenials.csv,data/raw/openfema/DeclarationDenials.csv,325224,fd3d3b8c75a95a99fa62c8ebf0d8806979b16a48d1a5559b068a955a9a181f04,200,2026-10-04T19:58:11Z,ok,bulk CSV
D10,BLS LAUS,https://download.bls.gov/pub/time.series/la/la.area,data/raw/bls_laus/la.area,439599,7f1dcbd6a2506d92d65641609cf08bd04f0a534503c6d0f23497f284dce1fc45,200,2026-10-04T20:02:23Z,ok,
D10,BLS LAUS,https://download.bls.gov/pub/time.series/la/la.data.3.AllStatesS,data/raw/bls_laus/la.data.3.AllStatesS,10367100,8fdce0f98813ab0b9b754c82f066939745244dc940fc10a4640c5e829069b509,200,2026-10-04T20:02:22Z,ok,
D10,BLS LAUS,https://download.bls.gov/pub/time.series/la/la.measure,data/raw/bls_laus/la.measure,205,b43486145486a91cf5f9cb1a1109b1a2a4ca0d0c5a9a7d5e0f7178949b5dfee7,200,2026-10-04T20:02:23Z,ok,
D10,BLS LAUS,https://download.bls.gov/pub/time.series/la/la.series,data/raw/bls_laus/la.series,4086542,a938666287086eb9eae630c434948e0b9dd90eaf91285f92183f24b1074e26a0,200,2026-10-04T20:02:22Z,ok,
D11,BEA Regional,https://apps.bea.gov/regional/zip/CAINC1.zip,data/raw/bea/CAINC1.zip,3467441,e1465c8b0e7e75f541241fe2fa64364b784dd6d2223901f9d576c4c5d49480b5,200,2026-10-04T19:59:49Z,ok,
D12,FRED,https://fred.stlouisfed.org/graph/fredgraph.csv?id=CPIAUCNS,data/raw/fred/CPIAUCNS.csv,25074,f79e3a78837142293449cee4a1a9b1da7be677fb3e989ffb2ef48e8e7cf4cdd7,200,2026-10-05T10:37:55Z,ok,
D12,FRED,https://fred.stlouisfed.org/graph/fredgraph.csv?id=CPIAUCSL,data/raw/fred/CPIAUCSL.csv,17744,f8ecddf53a9a9a74dda92c2c4204e6039466fcb744bc74171b73b5f6aac48119,200,2026-10-04T20:02:24Z,ok,
D13,US Treasury TTR,https://home.treasury.gov/policy-issues/economic-policy/total-taxable-resources,,,,,2026-10-05T05:52:54Z,failed,2004 estimate: no file listed on the Treasury page; URL not guessed (allowed to be missing)
D13,US Treasury TTR,https://home.treasury.gov/system/files/226/1999est.xls,data/raw/treasury_ttr/1999est.xls,42496,55bc29d703a635c9b90bff784f60a98745c032726649945b7d2ac5ec471936d0,200,2026-10-05T05:46:54Z,ok,
D13,US Treasury TTR,https://home.treasury.gov/system/files/226/2000est.xls,data/raw/treasury_ttr/2000est.xls,42496,61c286e33e6e9476fdbc271257e2f9b25a0e414263ef7440dccde6869a95eedb,200,2026-10-05T05:47:03Z,ok,
D13,US Treasury TTR,https://home.treasury.gov/system/files/226/2001est.xls,data/raw/treasury_ttr/2001est.xls,43520,0f7d36750db583629910f15d7f953047519d36528079ffbfe34124979930efee,200,2026-10-05T05:47:13Z,ok,
D13,US Treasury TTR,https://home.treasury.gov/system/files/226/2002est.xls,data/raw/treasury_ttr/2002est.xls,42496,af6b02d255c92f80f93afaf6ecfbd420cfccbc06b21cc92db1c7d584fcd88ec9,200,2026-10-05T05:47:23Z,ok,
D13,US Treasury TTR,https://home.treasury.gov/system/files/226/2003est.xls,data/raw/treasury_ttr/2003est.xls,43520,10af55df1eec9d3c6ba5f9aeccce528645a792715239679567c7d07166a08d92,200,2026-10-05T05:47:32Z,ok,
D13,US Treasury TTR,https://home.treasury.gov/system/files/226/2005est.xls,data/raw/treasury_ttr/2005est.xls,53248,19600153b62c05f7301cadeab0e1b93c495ab07411de9d4b03df7cb6ae0d1282,200,2026-10-05T05:47:41Z,ok,
D13,US Treasury TTR,https://home.treasury.gov/system/files/226/2006est.xls,data/raw/treasury_ttr/2006est.xls,43520,c2e3744e8670c779cc3dc74b0f55983e066446c265c0d9d27694d67e2619ecdf,200,2026-10-05T05:47:50Z,ok,
D13,US Treasury TTR,https://home.treasury.gov/system/files/226/2007est.xls,data/raw/treasury_ttr/2007est.xls,47616,906280779374c8233cf4caf7603367d00d7f3d7a11816edeaa1e460193c5e778,200,2026-10-05T05:47:59Z,ok,
D13,US Treasury TTR,https://home.treasury.gov/system/files/226/2008est.xls,data/raw/treasury_ttr/2008est.xls,48640,42a29672d733fbc7b044dabe62922f381e414d34c6991b5cba2d08bdaea66e87,200,2026-10-05T05:48:08Z,ok,
D13,US Treasury TTR,https://home.treasury.gov/system/files/226/2009est.xls,data/raw/treasury_ttr/2009est.xls,65536,4789f823231d19075911e44407d66cbf2c5241f352f4225643766bbab006af0e,200,2026-10-05T05:48:18Z,ok,
D13,US Treasury TTR,https://home.treasury.gov/system/files/226/2010est.xls,data/raw/treasury_ttr/2010est.xls,56320,0ad0f4ad9ef94e5cc40b82f165c09ccfffae8793ae885bbf3bd60e42a419ea8b,200,2026-10-05T05:48:29Z,ok,
D13,US Treasury TTR,https://home.treasury.gov/system/files/226/TTR-tables-2012.xlsx,data/raw/treasury_ttr/TTR-tables-2012.xlsx,51901,a43f2a43bb202bfc0c49cc42dad025eaa9c1e728664679a51f3be13905d06682,200,2026-10-05T05:48:39Z,ok,
D13,US Treasury TTR,https://home.treasury.gov/system/files/226/TTR-tables-2013.xlsx,data/raw/treasury_ttr/TTR-tables-2013.xlsx,53399,da10bfe2c8c389d7287eb9178781310f9c53c77f6512da17aada24099e9c0dfd,200,2026-10-05T05:48:50Z,ok,
D13,US Treasury TTR,https://home.treasury.gov/system/files/226/TTR-tables-2014.xlsx,data/raw/treasury_ttr/TTR-tables-2014.xlsx,54646,718fe433c86632307212b43fcc0b2dd3a87da6adc70e59291dc7024c39616577,200,2026-10-05T05:49:00Z,ok,
D13,US Treasury TTR,https://home.treasury.gov/system/files/226/TTR-tables-2015.xlsx,data/raw/treasury_ttr/TTR-tables-2015.xlsx,63225,4799c10ad9fd0e116bfa8dbf624e46c2fbd524a954e56ccdffe8398f09a4ee0f,200,2026-10-05T05:49:08Z,ok,
D13,US Treasury TTR,https://home.treasury.gov/system/files/226/TTR-tables-2016.xlsx,data/raw/treasury_ttr/TTR-tables-2016.xlsx,44438,5dfc6c2c26fdb4914a49e62e73ee740cc959d1ce72c9f9e72d9c1da39127d8ea,200,2026-10-05T05:49:19Z,ok,
D13,US Treasury TTR,https://home.treasury.gov/system/files/226/TTR-tables-2017.xlsx,data/raw/treasury_ttr/TTR-tables-2017.xlsx,36740,7092819d75ea7848e2980cafde364a4bf58b64f2f371353332b799a9040f82e2,200,2026-10-05T05:49:27Z,ok,
D13,US Treasury TTR,https://home.treasury.gov/system/files/226/TTR-tables-2018.xlsx,data/raw/treasury_ttr/TTR-tables-2018.xlsx,24909,4242a0e2aeec5a135053830f46ad4e03cbad9642472971017354d889e02b2eba,200,2026-10-05T05:49:38Z,ok,
D13,US Treasury TTR,https://home.treasury.gov/system/files/226/TTR-tables-2019.xlsx,data/raw/treasury_ttr/TTR-tables-2019.xlsx,24949,4167be97f57d99ea6bf3729b26cd2573a29f66711a8b653af0983e500f6e1600,200,2026-10-05T05:49:48Z,ok,
D13,US Treasury TTR,https://home.treasury.gov/system/files/226/TTR-tables-2020.xlsx,data/raw/treasury_ttr/TTR-tables-2020.xlsx,24963,3f6b108fc82818b9ddf36af90c7fe3372ef45d11661dc2a47c92e58223afc9f8,200,2026-10-05T05:49:58Z,ok,
D13,US Treasury TTR,https://home.treasury.gov/system/files/226/TTR-tables-2021.xlsx,data/raw/treasury_ttr/TTR-tables-2021.xlsx,25585,7f603050113dfdede47419633e375ff3a4ada58d70c85f7ad75377d9a65f0f00,200,2026-10-05T05:50:08Z,ok,
D13,US Treasury TTR,https://home.treasury.gov/system/files/226/TTR-tables-2022.xlsx,data/raw/treasury_ttr/TTR-tables-2022.xlsx,25751,44b61d2cfee2d4823b08e6cdc32f105b549c37af082877a13c84d5398bd01db7,200,2026-10-05T05:50:17Z,ok,
D13,US Treasury TTR,https://home.treasury.gov/system/files/226/TTR-tables-2023.xlsx,data/raw/treasury_ttr/TTR-tables-2023.xlsx,15697,b490b63c9a1fd1a1f5784b31808b8c54eeb9d8d2eb8e3729bfe118b565df4656,200,2026-10-05T05:50:27Z,ok,
D13,US Treasury TTR,https://home.treasury.gov/system/files/226/TTR-tables-2024.xlsx,data/raw/treasury_ttr/TTR-tables-2024.xlsx,26006,0192f6dd33bcf052dc26aa043eab53ca14c935aae7522bfb0e705c16c2394d2f,200,2026-10-05T05:50:36Z,ok,
D13,US Treasury TTR,https://home.treasury.gov/system/files/226/TTR-tables-2025.xlsx,data/raw/treasury_ttr/TTR-tables-2025.xlsx,26137,02e7a90874420f21a65779845b69488d18fe7fe713ce45518d63573dae7f9c08,200,2026-10-05T05:50:47Z,ok,
D13,US Treasury TTR,https://home.treasury.gov/system/files/226/research-series-2010.xls,data/raw/treasury_ttr/research-series-2010.xls,1808896,935252b995832885087623aa627cdabef5909e19b0fea0bc1e83c545e90372de,200,2026-10-05T05:50:56Z,ok,
D13,US Treasury TTR,https://home.treasury.gov/system/files/226/tables-2011.xls,data/raw/treasury_ttr/tables-2011.xls,80896,d0a2038da63f5b76a93ff5933dcdd1943b34bba8bfe33d4023315a580ff399d5,200,2026-10-05T05:51:05Z,ok,
D15,Harvard Dataverse,https://dvn-cloud-iqss.s3.amazonaws.com/10.7910/DVN/42MVDX/19e17cf541e-b26c7275c4d6?response-content-disposition=attachment%3B%20filename%2A%3DUTF-8%27%271976-2024-president.csv&response-content-type=text%2Fcomma-separated-values&X-Amz-Algorithm=AWS4-HMAC-SHA256&X-Amz-Date=20261005T055107Z&X-Amz-SignedHeaders=host&X-Amz-Credential=AKIAZT3GWQ6FKBSH5I56%2F20261005%2Fus-east-1%2Fs3%2Faws4_request&X-Amz-Expires=3600&X-Amz-Signature=ce4d33daa6720de14cedf04eedd2cd8e31f2d49a19a7078df65c7f04e8e72020,data/raw/dataverse/mit_president/1976-2024-president.csv,514108,9936410a6dd4ecc8be7fe202c6dff5b5f8fee59d88f35ab542ed12879941dcb7,200,2026-10-05T05:51:09Z,ok,doi:10.7910/DVN/42MVDX file id 13887042
D15,Harvard Dataverse API,https://dataverse.harvard.edu/api/datasets/:persistentId/versions/:latest/files?persistentId=doi:10.7910/DVN/42MVDX,data/raw/dataverse/mit_president/_dataverse_files.json,3465,03ad95af8ed1b7bbf7a265d9c8407b52e16d4ffd90fd6a6ebe2b2b3f8a4c87e0,200,2026-10-05T05:51:06Z,ok,file listing
D15,Harvard Dataverse,https://dvn-cloud-iqss.s3.amazonaws.com/10.7910/DVN/42MVDX/18963f9fe17-afeda902f75e?response-content-disposition=attachment%3B%20filename%2A%3DUTF-8%27%27codebook-us-president-1976-2020.md&response-content-type=text%2Fmarkdown&X-Amz-Algorithm=AWS4-HMAC-SHA256&X-Amz-Date=20261005T055110Z&X-Amz-SignedHeaders=host&X-Amz-Credential=AKIAZT3GWQ6FKBSH5I56%2F20261005%2Fus-east-1%2Fs3%2Faws4_request&X-Amz-Expires=3600&X-Amz-Signature=67ffedad92f8bf25d9c6c074b5e99734d81fba270030f795bb2b939765a014f6,data/raw/dataverse/mit_president/codebook-us-president-1976-2020.md,3176,efed2007526e11ee38d21269841ef30712f7683772877f0d36b556449a6daad4,200,2026-10-05T05:51:10Z,ok,doi:10.7910/DVN/42MVDX file id 7241480
D15,Harvard Dataverse,https://dvn-cloud-iqss.s3.amazonaws.com/10.7910/DVN/42MVDX/1771b28b2e1-a82abdafa104.orig?response-content-disposition=attachment%3B%20filename%2A%3DUTF-8%27%27sources-president.csv&response-content-type=text%2Fcsv&X-Amz-Algorithm=AWS4-HMAC-SHA256&X-Amz-Date=20261005T055111Z&X-Amz-SignedHeaders=host&X-Amz-Credential=AKIAZT3GWQ6FKBSH5I56%2F20261005%2Fus-east-1%2Fs3%2Faws4_request&X-Amz-Expires=3600&X-Amz-Signature=24322213b9952cb5c2b3e68738e71d40e13f9d2b11b3acda501eb0f1061e3ec1,data/raw/dataverse/mit_president/sources-president.csv,4580,427a44a3c35eb63536780ff31a9abfaef87cd11b9c8d0adff444c34adaed8e94,200,2026-10-05T05:51:11Z,ok,doi:10.7910/DVN/42MVDX file id 4304791
D16,Harvard Dataverse,https://dvn-cloud-iqss.s3.amazonaws.com/10.7910/DVN/PQ0Y1N/102377?response-content-disposition=attachment%3B%20filename%2A%3DUTF-8%27%27StateElections_Gub_2012_09_06_Public_Version.xlsx&response-content-type=application%2Fvnd.openxmlformats-officedocument.spreadsheetml.sheet&X-Amz-Algorithm=AWS4-HMAC-SHA256&X-Amz-Date=20261005T055117Z&X-Amz-SignedHeaders=host&X-Amz-Credential=AKIAZT3GWQ6FKBSH5I56%2F20261005%2Fus-east-1%2Fs3%2Faws4_request&X-Amz-Expires=3600&X-Amz-Signature=1d147168a08e7835c73263f4433c8f46ca0cea3c9c67a53819827b2de27e9bd0,data/raw/dataverse/klarner_governors/StateElections_Gub_2012_09_06_Public_Version.xlsx,1113667,8c0ab503ada528fb10a2af381bcb47d0e8bd3bc8c4fef24e356eb50abc5a25b0,200,2026-10-05T05:51:17Z,ok,hdl:1902.1/20408 file id 2432034
D16,Harvard Dataverse,https://dvn-cloud-iqss.s3.amazonaws.com/10.7910/DVN/PQ0Y1N/102378?response-content-disposition=attachment%3B%20filename%2A%3DUTF-8%27%27StateElections_Gub_2012_09_06_Public_Version_Codebook.docx&response-content-type=application%2Fvnd.openxmlformats-officedocument.wordprocessingml.document&X-Amz-Algorithm=AWS4-HMAC-SHA256&X-Amz-Date=20261005T055116Z&X-Amz-SignedHeaders=host&X-Amz-Credential=AKIAZT3GWQ6FKBSH5I56%2F20261005%2Fus-east-1%2Fs3%2Faws4_request&X-Amz-Expires=3600&X-Amz-Signature=8e946facf41b4a2064e01dd90099ba8986faf1609cc26a489304cc80fc9e350c,data/raw/dataverse/klarner_governors/StateElections_Gub_2012_09_06_Public_Version_Codebook.docx,32196,c20fd0e369058c087ca2854024777ca53f149cf55689e35dbbf7812f10f0ebdf,200,2026-10-05T05:51:16Z,ok,hdl:1902.1/20408 file id 2432033
D16,Harvard Dataverse API,https://dataverse.harvard.edu/api/datasets/:persistentId/versions/:latest/files?persistentId=hdl:1902.1/20408,data/raw/dataverse/klarner_governors/_dataverse_files.json,2522,95dc56ced1d4c5ade35c08c02d26324df496080ba220cd1bd69abf376a902303,200,2026-10-05T05:51:16Z,ok,file listing
D16,Harvard Dataverse,https://dvn-cloud-iqss.s3.amazonaws.com/10.7910/DVN/LZHMG3/102371?response-content-disposition=attachment%3B%20filename%2A%3DUTF-8%27%27Partisan_Balance_For_Use2011_06_09b.xlsx&response-content-type=application%2Fvnd.openxmlformats-officedocument.spreadsheetml.sheet&X-Amz-Algorithm=AWS4-HMAC-SHA256&X-Amz-Date=20261005T055112Z&X-Amz-SignedHeaders=host&X-Amz-Credential=AKIAZT3GWQ6FKBSH5I56%2F20261005%2Fus-east-1%2Fs3%2Faws4_request&X-Amz-Expires=3600&X-Amz-Signature=f03daf0b6eef6295d88f6aabeace6cfb4320d94e43d16ec4817d81be080ca996,data/raw/dataverse/klarner_partisan_balance/Partisan_Balance_For_Use2011_06_09b.xlsx,1546736,6b448e7e2a1189f2c965a68810836c49acf5c89040258df608022428d48ddad2,200,2026-10-05T05:51:13Z,ok,hdl:1902.1/20403 file id 2432030
D16,Harvard Dataverse,https://dvn-cloud-iqss.s3.amazonaws.com/10.7910/DVN/LZHMG3/102372?response-content-disposition=attachment%3B%20filename%2A%3DUTF-8%27%27Partisan_Balance_For_Use2012_10_18_Codebook.docx&response-content-type=application%2Fvnd.openxmlformats-officedocument.wordprocessingml.document&X-Amz-Algorithm=AWS4-HMAC-SHA256&X-Amz-Date=20261005T055113Z&X-Amz-SignedHeaders=host&X-Amz-Credential=AKIAZT3GWQ6FKBSH5I56%2F20261005%2Fus-east-1%2Fs3%2Faws4_request&X-Amz-Expires=3600&X-Amz-Signature=ff7c2cd5b68b12e626a9eb2236c5e934b59b6a50a26188b4eb04cdff885edae9,data/raw/dataverse/klarner_partisan_balance/Partisan_Balance_For_Use2012_10_18_Codebook.docx,30979,75ea09ec747e2801c354100c289f44c56946cf2e85b8268b4b966641bb7c99a7,200,2026-10-05T05:51:13Z,ok,hdl:1902.1/20403 file id 2432028
D16,Harvard Dataverse,https://dvn-cloud-iqss.s3.amazonaws.com/10.7910/DVN/LZHMG3/102373?response-content-disposition=attachment%3B%20filename%2A%3DUTF-8%27%27StatePartisanBalance1934to2011_SourceFiles_2011_05_24.xlsx&response-content-type=application%2Fvnd.openxmlformats-officedocument.spreadsheetml.sheet&X-Amz-Algorithm=AWS4-HMAC-SHA256&X-Amz-Date=20261005T055115Z&X-Amz-SignedHeaders=host&X-Amz-Credential=AKIAZT3GWQ6FKBSH5I56%2F20261005%2Fus-east-1%2Fs3%2Faws4_request&X-Amz-Expires=3600&X-Amz-Signature=c50a74c07ee816fa4c9f51576373d905fd881405ed7dc1873cb429703a587d78,data/raw/dataverse/klarner_partisan_balance/StatePartisanBalance1934to2011_SourceFiles_2011_05_24.xlsx,2795480,20749013d2a59d3025cefa5f83f58569453b86c17590e071d65fdbb4578d452c,200,2026-10-05T05:51:15Z,ok,hdl:1902.1/20403 file id 2432027
D16,Harvard Dataverse,https://dvn-cloud-iqss.s3.amazonaws.com/10.7910/DVN/LZHMG3/102374?response-content-disposition=attachment%3B%20filename%2A%3DUTF-8%27%27StatePartisanBalance1934to2011_SourceFiles_2011_05_24_Codebook.doc&response-content-type=application%2Fmsword&X-Amz-Algorithm=AWS4-HMAC-SHA256&X-Amz-Date=20261005T055114Z&X-Amz-SignedHeaders=host&X-Amz-Credential=AKIAZT3GWQ6FKBSH5I56%2F20261005%2Fus-east-1%2Fs3%2Faws4_request&X-Amz-Expires=3600&X-Amz-Signature=49b5e2013ec2819723c5817654de81d538728867072938e8699401e2f9f5d26a,data/raw/dataverse/klarner_partisan_balance/StatePartisanBalance1934to2011_SourceFiles_2011_05_24_Codebook.doc,161280,b7d4d2af911439189644ec9df322cc1d1c7fa0824f3043f5580e70addfdcda82,200,2026-10-05T05:51:14Z,ok,hdl:1902.1/20403 file id 2432029
D16,Harvard Dataverse API,https://dataverse.harvard.edu/api/datasets/:persistentId/versions/:latest/files?persistentId=hdl:1902.1/20403,data/raw/dataverse/klarner_partisan_balance/_dataverse_files.json,4815,da7be50aea217996b87ac5ec0e65ffd33a1bacea86858fa1e032ba9686029059,200,2026-10-05T05:51:11Z,ok,file listing
D17,Wikidata,https://query.wikidata.org/sparql?query=SELECT+%3Fpos+%3Flabel+WHERE+%7B+VALUES+%3Flabel+%7B+%22Governor+of+Alabama%22%40en+%22governor+of+Alabama%22%40en+%22Governor+of+Alaska%22%40en+%22governor+of+Alaska%22%40en+%22Governor+of+Arizona%22%40en+%22governor+of+Arizona%22%40en+%22Governor+of+Arkansas%22%40en+%22governor+of+Arkansas%22%40en+%22Governor+of+California%22%40en+%22governor+of+California%22%40en+%22Governor+of+Colorado%22%40en+%22governor+of+Colorado%22%40en+%22Governor+of+Connecticut%22%40en+%22governor+of+Connecticut%22%40en+%22Governor+of+Delaware%22%40en+%22governor+of+Delaware%22%40en+%22Governor+of+Florida%22%40en+%22governor+of+Florida%22%40en+%22Governor+of+Georgia%22%40en+%22governor+of+Georgia%22%40en+%22Governor+of+Hawaii%22%40en+%22governor+of+Hawaii%22%40en+%22Governor+of+Idaho%22%40en+%22governor+of+Idaho%22%40en+%22Governor+of+Illinois%22%40en+%22governor+of+Illinois%22%40en+%22Governor+of+Indiana%22%40en+%22governor+of+Indiana%22%40en+%22Governor+of+Iowa%22%40en+%22governor+of+Iowa%22%40en+%22Governor+of+Kansas%22%40en+%22governor+of+Kansas%22%40en+%22Governor+of+Kentucky%22%40en+%22governor+of+Kentucky%22%40en+%22Governor+of+Louisiana%22%40en+%22governor+of+Louisiana%22%40en+%22Governor+of+Maine%22%40en+%22governor+of+Maine%22%40en+%22Governor+of+Maryland%22%40en+%22governor+of+Maryland%22%40en+%22Governor+of+Massachusetts%22%40en+%22governor+of+Massachusetts%22%40en+%22Governor+of+Michigan%22%40en+%22governor+of+Michigan%22%40en+%22Governor+of+Minnesota%22%40en+%22governor+of+Minnesota%22%40en+%22Governor+of+Mississippi%22%40en+%22governor+of+Mississippi%22%40en+%22Governor+of+Missouri%22%40en+%22governor+of+Missouri%22%40en+%22Governor+of+Montana%22%40en+%22governor+of+Montana%22%40en+%22Governor+of+Nebraska%22%40en+%22governor+of+Nebraska%22%40en+%22Governor+of+Nevada%22%40en+%22governor+of+Nevada%22%40en+%22Governor+of+New+Hampshire%22%40en+%22governor+of+New+Hampshire%22%40en+%22Governor+of+New+Jersey%22%40en+%22governor+of+New+Jersey%22%40en+%22Governor+of+New+Mexico%22%40en+%22governor+of+New+Mexico%22%40en+%22Governor+of+New+York%22%40en+%22governor+of+New+York%22%40en+%22Governor+of+North+Carolina%22%40en+%22governor+of+North+Carolina%22%40en+%22Governor+of+North+Dakota%22%40en+%22governor+of+North+Dakota%22%40en+%22Governor+of+Ohio%22%40en+%22governor+of+Ohio%22%40en+%22Governor+of+Oklahoma%22%40en+%22governor+of+Oklahoma%22%40en+%22Governor+of+Oregon%22%40en+%22governor+of+Oregon%22%40en+%22Governor+of+Pennsylvania%22%40en+%22governor+of+Pennsylvania%22%40en+%22Governor+of+Rhode+Island%22%40en+%22governor+of+Rhode+Island%22%40en+%22Governor+of+South+Carolina%22%40en+%22governor+of+South+Carolina%22%40en+%22Governor+of+South+Dakota%22%40en+%22governor+of+South+Dakota%22%40en+%22Governor+of+Tennessee%22%40en+%22governor+of+Tennessee%22%40en+%22Governor+of+Texas%22%40en+%22governor+of+Texas%22%40en+%22Governor+of+Utah%22%40en+%22governor+of+Utah%22%40en+%22Governor+of+Vermont%22%40en+%22governor+of+Vermont%22%40en+%22Governor+of+Virginia%22%40en+%22governor+of+Virginia%22%40en+%22Governor+of+Washington%22%40en+%22governor+of+Washington%22%40en+%22Governor+of+West+Virginia%22%40en+%22governor+of+West+Virginia%22%40en+%22Governor+of+Wisconsin%22%40en+%22governor+of+Wisconsin%22%40en+%22Governor+of+Wyoming%22%40en+%22governor+of+Wyoming%22%40en+%7D+%3Fpos+rdfs%3Alabel+%3Flabel+.+%7D,data/raw/governors/wikidata/governor_positions.csv,3279,76fbb3f4bf37357825523647f6fb128b30c709ac2bc7e8f3276ffa725cde861e,200,2026-10-05T06:15:15Z,ok,Governor of <State> position items
D17,Wikidata,https://query.wikidata.org/sparql?query=%0ASELECT+%3Fpos+%3FposLabel+%3Fperson+%3FpersonLabel+%3Fstart+%3Fend+%3Freplaces+%3FreplacesLabel+%3FreplacedBy+%3FreplacedByLabel+%3FendCauseLabel+WHERE+%7B%0A++VALUES+%3Fpos+%7B+wd%3AQ122884387+wd%3AQ1540336+wd%3AQ16147601+wd%3AQ16149111+wd%3AQ16202700+wd%3AQ17089908+wd%3AQ17989863+wd%3AQ19647220+wd%3AQ20198851+wd%3AQ20765611+wd%3AQ20766109+wd%3AQ20801644+wd%3AQ20801646+wd%3AQ20801647+wd%3AQ20801651+wd%3AQ20801652+wd%3AQ20801656+wd%3AQ20801659+wd%3AQ20801664+wd%3AQ20801667+wd%3AQ2347975+wd%3AQ2550683+wd%3AQ2626318+wd%3AQ29514575+wd%3AQ29514606+wd%3AQ29514674+wd%3AQ29514964+wd%3AQ3112719+wd%3AQ3112727+wd%3AQ3112728+wd%3AQ3506352+wd%3AQ3773741+wd%3AQ3773745+wd%3AQ3773752+wd%3AQ4151335+wd%3AQ5589655+wd%3AQ5589668+wd%3AQ5589680+wd%3AQ5589682+wd%3AQ5589687+wd%3AQ5589688+wd%3AQ5589724+wd%3AQ5589725+wd%3AQ693032+wd%3AQ878620+wd%3AQ878632+wd%3AQ878942+wd%3AQ880198+wd%3AQ887010+wd%3AQ887090+wd%3AQ887117+wd%3AQ887220+%7D%0A++%3Fperson+p%3AP39+%3Fst+.+%3Fst+ps%3AP39+%3Fpos+.%0A++OPTIONAL+%7B+%3Fst+pq%3AP580+%3Fstart+%7D+OPTIONAL+%7B+%3Fst+pq%3AP582+%3Fend+%7D%0A++OPTIONAL+%7B+%3Fst+pq%3AP1365+%3Freplaces+%7D+OPTIONAL+%7B+%3Fst+pq%3AP1366+%3FreplacedBy+%7D%0A++OPTIONAL+%7B+%3Fst+pq%3AP1534+%3FendCause+%7D%0A++FILTER%28%21BOUND%28%3Fend%29+%7C%7C+%3Fend+%3E%3D+%221985-01-01%22%5E%5Exsd%3AdateTime%29%0A++SERVICE+wikibase%3Alabel+%7B+bd%3AserviceParam+wikibase%3Alanguage+%22en%22.+%7D%0A%7D+ORDER+BY+%3FposLabel+%3Fstart,data/raw/governors/wikidata/governor_tenures.csv,122583,024d77ecdd220cac46062a20b8a9ae135c9a5aed50aa0bfd5d4b17aeedc164f0,200,2026-10-05T06:15:19Z,ok,P39 tenures ending 1985 or later
D18,Wikipedia,https://en.wikipedia.org/w/api.php?action=parse&page=1976+United+States+gubernatorial+elections&prop=text%7Crevid&format=json&formatversion=2&redirects=1,data/raw/governors/wikipedia/1976_gubernatorial_elections.json,273835,6925c6a04c983b1f8de9cc7d775a626aef505696fe5d2fa6872654bfdde5a497,200,2026-10-05T06:22:04Z,ok,parse API: 1976 United States gubernatorial elections
D18,Wikipedia,https://en.wikipedia.org/w/api.php?action=parse&page=1977+United+States+gubernatorial+elections&prop=text%7Crevid&format=json&formatversion=2&redirects=1,data/raw/governors/wikipedia/1977_gubernatorial_elections.json,100661,45a8e69ee01d0cb888721e2b7874a91e6f5991f24a611674d24047045a0c1e5e,200,2026-10-05T06:22:05Z,ok,parse API: 1977 United States gubernatorial elections
D18,Wikipedia,https://en.wikipedia.org/w/api.php?action=parse&page=1978+United+States+gubernatorial+elections&prop=text%7Crevid&format=json&formatversion=2&redirects=1,data/raw/governors/wikipedia/1978_gubernatorial_elections.json,568432,5467b71d132eecb4b5ece6c8298a0852ad13ff5d092924a617eb2af47be17a52,200,2026-10-05T06:22:11Z,ok,parse API: 1978 United States gubernatorial elections
D18,Wikipedia,https://en.wikipedia.org/w/api.php?action=parse&page=1979+United+States+gubernatorial+elections&prop=text%7Crevid&format=json&formatversion=2&redirects=1,data/raw/governors/wikipedia/1979_gubernatorial_elections.json,120406,cef1cb393cc69615c22c7c2924baac639e220d75a0e702a884b99b0bd049123e,200,2026-10-05T06:22:12Z,ok,parse API: 1979 United States gubernatorial elections
D18,Wikipedia,https://en.wikipedia.org/w/api.php?action=parse&page=1980+United+States+gubernatorial+elections&prop=text%7Crevid&format=json&formatversion=2&redirects=1,data/raw/governors/wikipedia/1980_gubernatorial_elections.json,255803,54b2fc79459182a94cd01e63707fc05526789585e04cfc872894a261317fd426,200,2026-10-05T06:22:15Z,ok,parse API: 1980 United States gubernatorial elections
D18,Wikipedia,https://en.wikipedia.org/w/api.php?action=parse&page=1981+United+States+gubernatorial+elections&prop=text%7Crevid&format=json&formatversion=2&redirects=1,data/raw/governors/wikipedia/1981_gubernatorial_elections.json,115646,46894e84e4a2ba4c2dfc36d14f672c0b667225b20fd46216b86cf3b3ebe724cb,200,2026-10-05T06:22:16Z,ok,parse API: 1981 United States gubernatorial elections
D18,Wikipedia,https://en.wikipedia.org/w/api.php?action=parse&page=1982+United+States+gubernatorial+elections&prop=text%7Crevid&format=json&formatversion=2&redirects=1,data/raw/governors/wikipedia/1982_gubernatorial_elections.json,564237,2c0ac4293eb375f0dafce88c3644ae776fea96a51f6014787912bf5c33253bb4,200,2026-10-05T06:22:18Z,ok,parse API: 1982 United States gubernatorial elections
D18,Wikipedia,https://en.wikipedia.org/w/api.php?action=parse&page=1983+United+States+gubernatorial+elections&prop=text%7Crevid&format=json&formatversion=2&redirects=1,data/raw/governors/wikipedia/1983_gubernatorial_elections.json,119707,1f18733313a332fd5d93fc2127783d6198ffe8e223ea015c9a07f0111711bf9c,200,2026-10-05T06:22:19Z,ok,parse API: 1983 United States gubernatorial elections
D18,Wikipedia,https://en.wikipedia.org/w/api.php?action=parse&page=1984+United+States+gubernatorial+elections&prop=text%7Crevid&format=json&formatversion=2&redirects=1,data/raw/governors/wikipedia/1984_gubernatorial_elections.json,249017,e56f70f0f16291cb3920e7a0f380ceb07049210c9063922bd0b0e4b9a6c30dae,200,2026-10-05T06:22:20Z,ok,parse API: 1984 United States gubernatorial elections
D18,Wikipedia,https://en.wikipedia.org/w/api.php?action=parse&page=1985+United+States+gubernatorial+elections&prop=text%7Crevid&format=json&formatversion=2&redirects=1,data/raw/governors/wikipedia/1985_gubernatorial_elections.json,103361,3d20fa7c607090a90a7adc749b4e30e65da851167239c70514ce1eb2887f51f1,200,2026-10-05T06:22:21Z,ok,parse API: 1985 United States gubernatorial elections
D18,Wikipedia,https://en.wikipedia.org/w/api.php?action=parse&page=1986+United+States+gubernatorial+elections&prop=text%7Crevid&format=json&formatversion=2&redirects=1,data/raw/governors/wikipedia/1986_gubernatorial_elections.json,577264,9a30d4fa057edfa3341238eb14d1678501599addae4b1e4e2f654ff08dbd0c33,200,2026-10-05T06:22:23Z,ok,parse API: 1986 United States gubernatorial elections
D18,Wikipedia,https://en.wikipedia.org/w/api.php?action=parse&page=1987+United+States+gubernatorial+elections&prop=text%7Crevid&format=json&formatversion=2&redirects=1,data/raw/governors/wikipedia/1987_gubernatorial_elections.json,125558,d4d851baff594be90b86630580df6fef052ac042d32b67913bd6c953dcdfa174,200,2026-10-05T06:22:24Z,ok,parse API: 1987 United States gubernatorial elections
D18,Wikipedia,https://en.wikipedia.org/w/api.php?action=parse&page=1988+United+States+gubernatorial+elections&prop=text%7Crevid&format=json&formatversion=2&redirects=1,data/raw/governors/wikipedia/1988_gubernatorial_elections.json,243502,f019694a4c2ae7817e16f04889079cad34d110d3cdd785d59fd0cd892705ba9d,200,2026-10-05T06:11:57Z,ok,parse API: 1988 United States gubernatorial elections
D18,Wikipedia,https://en.wikipedia.org/w/api.php?action=parse&page=1989+United+States+gubernatorial+elections&prop=text%7Crevid&format=json&formatversion=2&redirects=1,data/raw/governors/wikipedia/1989_gubernatorial_elections.json,103980,badc14115f04ae65c5d36b10d3d0e95d367eaf28e8a1ce6c0298104d276e0ee9,200,2026-10-05T06:11:58Z,ok,parse API: 1989 United States gubernatorial elections
D18,Wikipedia,https://en.wikipedia.org/w/api.php?action=parse&page=1990+United+States+gubernatorial+elections&prop=text%7Crevid&format=json&formatversion=2&redirects=1,data/raw/governors/wikipedia/1990_gubernatorial_elections.json,629409,c2fc7c6e1be39c06d134c78c7ce6bc71ec9ee89189f7fea5cf05aae53daa7bf1,200,2026-10-05T06:12:01Z,ok,parse API: 1990 United States gubernatorial elections
D18,Wikipedia,https://en.wikipedia.org/w/api.php?action=parse&page=1991+United+States+gubernatorial+elections&prop=text%7Crevid&format=json&formatversion=2&redirects=1,data/raw/governors/wikipedia/1991_gubernatorial_elections.json,124770,28d35922adea75d0d9bb8c88ed6725d9980ea3208179faef215968806825661e,200,2026-10-05T06:12:02Z,ok,parse API: 1991 United States gubernatorial elections
D18,Wikipedia,https://en.wikipedia.org/w/api.php?action=parse&page=1992+United+States+gubernatorial+elections&prop=text%7Crevid&format=json&formatversion=2&redirects=1,data/raw/governors/wikipedia/1992_gubernatorial_elections.json,262244,715a7b6e52789899358ea2666ad426cfc2540872cc91b8869fe7694ba542b04b,200,2026-10-05T06:12:04Z,ok,parse API: 1992 United States gubernatorial elections
D18,Wikipedia,https://en.wikipedia.org/w/api.php?action=parse&page=1993+United+States+gubernatorial+elections&prop=text%7Crevid&format=json&formatversion=2&redirects=1,data/raw/governors/wikipedia/1993_gubernatorial_elections.json,117482,38390d9ae1963d658585be0efe6e591740e890deaf4234d363b94b845963ef62,200,2026-10-05T06:12:05Z,ok,parse API: 1993 United States gubernatorial elections
D18,Wikipedia,https://en.wikipedia.org/w/api.php?action=parse&page=1994+United+States+gubernatorial+elections&prop=text%7Crevid&format=json&formatversion=2&redirects=1,data/raw/governors/wikipedia/1994_gubernatorial_elections.json,638047,95724db6228b5996bc9e8edc301f27d3dfacff4f7f09d4395e42c8789b6631a3,200,2026-10-05T06:12:12Z,ok,parse API: 1994 United States gubernatorial elections
D18,Wikipedia,https://en.wikipedia.org/w/api.php?action=parse&page=1995+United+States+gubernatorial+elections&prop=text%7Crevid&format=json&formatversion=2&redirects=1,data/raw/governors/wikipedia/1995_gubernatorial_elections.json,124738,488c8dac669ad48f391b5ed8ca4c00f2febc7f251c1868e11851c2f98fe43841,200,2026-10-05T06:12:13Z,ok,parse API: 1995 United States gubernatorial elections
D18,Wikipedia,https://en.wikipedia.org/w/api.php?action=parse&page=1996+United+States+gubernatorial+elections&prop=text%7Crevid&format=json&formatversion=2&redirects=1,data/raw/governors/wikipedia/1996_gubernatorial_elections.json,268194,b3d686af390e8858054fb678e8be2e397978364ae2569a4c1b32050c53e6cb41,200,2026-10-05T06:12:14Z,ok,parse API: 1996 United States gubernatorial elections
D18,Wikipedia,https://en.wikipedia.org/w/api.php?action=parse&page=1997+United+States+gubernatorial+elections&prop=text%7Crevid&format=json&formatversion=2&redirects=1,data/raw/governors/wikipedia/1997_gubernatorial_elections.json,115897,20c9dafaafc575569ff6116f39eb85873e034e8c074c8b28913cd999ae510d6e,200,2026-10-05T06:12:16Z,ok,parse API: 1997 United States gubernatorial elections
D18,Wikipedia,https://en.wikipedia.org/w/api.php?action=parse&page=1998+United+States+gubernatorial+elections&prop=text%7Crevid&format=json&formatversion=2&redirects=1,data/raw/governors/wikipedia/1998_gubernatorial_elections.json,635385,362dc202c282466f05727e2f564295b9dbd0090537655133a1b3e6464d7e144c,200,2026-10-05T06:12:23Z,ok,parse API: 1998 United States gubernatorial elections
D18,Wikipedia,https://en.wikipedia.org/w/api.php?action=parse&page=1999+United+States+gubernatorial+elections&prop=text%7Crevid&format=json&formatversion=2&redirects=1,data/raw/governors/wikipedia/1999_gubernatorial_elections.json,124887,a83d08a207fe7acc081bf975bc560e982ab830feae196ccb5f1adf34717b1fb7,200,2026-10-05T06:12:24Z,ok,parse API: 1999 United States gubernatorial elections
D18,Wikipedia,https://en.wikipedia.org/w/api.php?action=parse&page=2000+United+States+gubernatorial+elections&prop=text%7Crevid&format=json&formatversion=2&redirects=1,data/raw/governors/wikipedia/2000_gubernatorial_elections.json,339667,88a0f268a3384b289f8f3ffd83e23b02a2ff20c83b9a84f817c358d7e2245dfd,200,2026-10-05T06:12:29Z,ok,parse API: 2000 United States gubernatorial elections
D18,Wikipedia,https://en.wikipedia.org/w/api.php?action=parse&page=2001+United+States+gubernatorial+elections&prop=text%7Crevid&format=json&formatversion=2&redirects=1,data/raw/governors/wikipedia/2001_gubernatorial_elections.json,122868,fc9cd28a15af7088db0689e706fb380cb26ca4f99cca1599c51df32302ea9844,200,2026-10-05T06:12:30Z,ok,parse API: 2001 United States gubernatorial elections
D18,Wikipedia,https://en.wikipedia.org/w/api.php?action=parse&page=2002+United+States+gubernatorial+elections&prop=text%7Crevid&format=json&formatversion=2&redirects=1,data/raw/governors/wikipedia/2002_gubernatorial_elections.json,669982,b44f671446af52fe69f7161509a7fe56d88be961b362ec165d5fc7dfc0aef59f,200,2026-10-05T06:12:39Z,ok,parse API: 2002 United States gubernatorial elections
D18,Wikipedia,https://en.wikipedia.org/w/api.php?action=parse&page=2003+United+States+gubernatorial+elections&prop=text%7Crevid&format=json&formatversion=2&redirects=1,data/raw/governors/wikipedia/2003_gubernatorial_elections.json,168827,f9dd9ede88c319259241ec4ce66dbb859b4083f623bb190426bd1b147c21da6e,200,2026-10-05T06:12:40Z,ok,parse API: 2003 United States gubernatorial elections
D18,Wikipedia,https://en.wikipedia.org/w/api.php?action=parse&page=2004+United+States+gubernatorial+elections&prop=text%7Crevid&format=json&formatversion=2&redirects=1,data/raw/governors/wikipedia/2004_gubernatorial_elections.json,281073,13e8252918ec6399282a90a8900c973403b7052883806388e79e38f104e61fa9,200,2026-10-05T06:12:42Z,ok,parse API: 2004 United States gubernatorial elections
D18,Wikipedia,https://en.wikipedia.org/w/api.php?action=parse&page=2005+United+States+gubernatorial+elections&prop=text%7Crevid&format=json&formatversion=2&redirects=1,data/raw/governors/wikipedia/2005_gubernatorial_elections.json,140401,b1b5ef6ca12b81b1f60e52d3d1ccc97b1dcaa7d3e56be6bd719cdd71f80c4ae4,200,2026-10-05T06:12:44Z,ok,parse API: 2005 United States gubernatorial elections
D18,Wikipedia,https://en.wikipedia.org/w/api.php?action=parse&page=2006+United+States+gubernatorial+elections&prop=text%7Crevid&format=json&formatversion=2&redirects=1,data/raw/governors/wikipedia/2006_gubernatorial_elections.json,893259,f7447c7220017e9587850a3b01d50718d74ac1c27c04858cf8809d53509452f9,200,2026-10-05T06:12:48Z,ok,parse API: 2006 United States gubernatorial elections
D18,Wikipedia,https://en.wikipedia.org/w/api.php?action=parse&page=2007+United+States+gubernatorial+elections&prop=text%7Crevid&format=json&formatversion=2&redirects=1,data/raw/governors/wikipedia/2007_gubernatorial_elections.json,142343,3fa074fb77b504d5b593a5376a3518aa5532964519bca1b566c4557159b04dac,200,2026-10-05T06:12:49Z,ok,parse API: 2007 United States gubernatorial elections
D18,Wikipedia,https://en.wikipedia.org/w/api.php?action=parse&page=2008+United+States+gubernatorial+elections&prop=text%7Crevid&format=json&formatversion=2&redirects=1,data/raw/governors/wikipedia/2008_gubernatorial_elections.json,362095,c4eb38faa2c19db661fa24bdb2189bb6d2ca8c6c4afe421383cda62447cc5e3c,200,2026-10-05T06:12:53Z,ok,parse API: 2008 United States gubernatorial elections
D18,Wikipedia,https://en.wikipedia.org/w/api.php?action=parse&page=2009+United+States+gubernatorial+elections&prop=text%7Crevid&format=json&formatversion=2&redirects=1,data/raw/governors/wikipedia/2009_gubernatorial_elections.json,160547,06f3af42534d74f49a0aca739a381e90dcab33daa91f9c9dd64af37130d73d56,200,2026-10-05T06:12:55Z,ok,parse API: 2009 United States gubernatorial elections
D18,Wikipedia,https://en.wikipedia.org/w/api.php?action=parse&page=2010+United+States+gubernatorial+elections&prop=text%7Crevid&format=json&formatversion=2&redirects=1,data/raw/governors/wikipedia/2010_gubernatorial_elections.json,1003769,68cd0aff63a87d9d6e17fadfb6515c5084efbc3057d55830c8cf487ed6b7acb6,200,2026-10-05T06:13:02Z,ok,parse API: 2010 United States gubernatorial elections
D18,Wikipedia,https://en.wikipedia.org/w/api.php?action=parse&page=2011+United+States+gubernatorial+elections&prop=text%7Crevid&format=json&formatversion=2&redirects=1,data/raw/governors/wikipedia/2011_gubernatorial_elections.json,189409,0734b0020988ffad069ae9a813c745058c83f6f0c61eb88a28417431ae2f5f17,200,2026-10-05T06:13:03Z,ok,parse API: 2011 United States gubernatorial elections
D18,Wikipedia,https://en.wikipedia.org/w/api.php?action=parse&page=2012+United+States+gubernatorial+elections&prop=text%7Crevid&format=json&formatversion=2&redirects=1,data/raw/governors/wikipedia/2012_gubernatorial_elections.json,419158,5da0be90075b3065ea5fac0575f74cf86c4e71c49d3768dbac82a79bd8ea0df8,200,2026-10-05T06:13:05Z,ok,parse API: 2012 United States gubernatorial elections
D18,Wikipedia,https://en.wikipedia.org/w/api.php?action=parse&page=2013+United+States+gubernatorial+elections&prop=text%7Crevid&format=json&formatversion=2&redirects=1,data/raw/governors/wikipedia/2013_gubernatorial_elections.json,141777,f78c486fd50f533edd488c1dbc7aefb6309f55f9410a25f92ee51e88bde8afe2,200,2026-10-05T06:13:06Z,ok,parse API: 2013 United States gubernatorial elections
D18,Wikipedia,https://en.wikipedia.org/w/api.php?action=parse&page=2014+United+States+gubernatorial+elections&prop=text%7Crevid&format=json&formatversion=2&redirects=1,data/raw/governors/wikipedia/2014_gubernatorial_elections.json,1137757,8fb6d333ccc29628ac292c54f25e5aa3ac3b3deb08c71f45306439261a02d7d7,200,2026-10-05T06:13:12Z,ok,parse API: 2014 United States gubernatorial elections
D18,Wikipedia,https://en.wikipedia.org/w/api.php?action=parse&page=2015+United+States+gubernatorial+elections&prop=text%7Crevid&format=json&formatversion=2&redirects=1,data/raw/governors/wikipedia/2015_gubernatorial_elections.json,200941,2e8f9a98334639042f3844b6961a948b535c2848225bfc2e1bff6248935f5251,200,2026-10-05T06:13:14Z,ok,parse API: 2015 United States gubernatorial elections
D18,Wikipedia,https://en.wikipedia.org/w/api.php?action=parse&page=2016+United+States+gubernatorial+elections&prop=text%7Crevid&format=json&formatversion=2&redirects=1,data/raw/governors/wikipedia/2016_gubernatorial_elections.json,571070,c736c220dcf425d53daa80f45f237fc2889975aad8b96546cf9ad5d8b6264e74,200,2026-10-05T06:13:16Z,ok,parse API: 2016 United States gubernatorial elections
D18,Wikipedia,https://en.wikipedia.org/w/api.php?action=parse&page=2017+United+States+gubernatorial+elections&prop=text%7Crevid&format=json&formatversion=2&redirects=1,data/raw/governors/wikipedia/2017_gubernatorial_elections.json,159978,b37494e0e0c39a92a7e616c13ee9f9dbcc4e3dd55c576d9c519f998f7f1b4c7b,200,2026-10-05T06:13:17Z,ok,parse API: 2017 United States gubernatorial elections
D18,Wikipedia,https://en.wikipedia.org/w/api.php?action=parse&page=2018+United+States+gubernatorial+elections&prop=text%7Crevid&format=json&formatversion=2&redirects=1,data/raw/governors/wikipedia/2018_gubernatorial_elections.json,1469461,80285836ed5ad424c7a414abc06155173c765d01c65d1f2c96be9c188fe19004,200,2026-10-05T06:13:28Z,ok,parse API: 2018 United States gubernatorial elections
D18,Wikipedia,https://en.wikipedia.org/w/api.php?action=parse&page=2019+United+States+gubernatorial+elections&prop=text%7Crevid&format=json&formatversion=2&redirects=1,data/raw/governors/wikipedia/2019_gubernatorial_elections.json,206439,1e1daeb61fd168b1a8dc8807e65cb04d88a765a34a5f8b5ccddc24eb3ff67987,200,2026-10-05T06:13:31Z,ok,parse API: 2019 United States gubernatorial elections
D18,Wikipedia,https://en.wikipedia.org/w/api.php?action=parse&page=2020+United+States+gubernatorial+elections&prop=text%7Crevid&format=json&formatversion=2&redirects=1,data/raw/governors/wikipedia/2020_gubernatorial_elections.json,609816,d0a03f40b0f8360810136c91f03c80ee3d1ca311e9552a5303c2249ccf78e4fa,200,2026-10-05T06:13:33Z,ok,parse API: 2020 United States gubernatorial elections
D18,Wikipedia,https://en.wikipedia.org/w/api.php?action=parse&page=2021+United+States+gubernatorial+elections&prop=text%7Crevid&format=json&formatversion=2&redirects=1,data/raw/governors/wikipedia/2021_gubernatorial_elections.json,239423,59d742a99949e18cd69866b57b7a67d3d611bb3cb1dd73458117d07cc99c2bc3,200,2026-10-05T06:13:34Z,ok,parse API: 2021 United States gubernatorial elections
D18,Wikipedia,https://en.wikipedia.org/w/api.php?action=parse&page=2022+United+States+gubernatorial+elections&prop=text%7Crevid&format=json&formatversion=2&redirects=1,data/raw/governors/wikipedia/2022_gubernatorial_elections.json,1549683,9fe67d2b7e75524128f1c38761e16738fa92e92ff90761d9c9bf9a343ebc0576,200,2026-10-05T06:13:41Z,ok,parse API: 2022 United States gubernatorial elections
D18,Wikipedia,https://en.wikipedia.org/w/api.php?action=parse&page=2023+United+States+gubernatorial+elections&prop=text%7Crevid&format=json&formatversion=2&redirects=1,data/raw/governors/wikipedia/2023_gubernatorial_elections.json,199303,f8dcd41a394aa39314ccd9766a25de3727d34d6d9623f88648c30a2e7b7fdefc,200,2026-10-05T06:13:43Z,ok,parse API: 2023 United States gubernatorial elections
D18,Wikipedia,https://en.wikipedia.org/w/api.php?action=parse&page=2024+United+States+gubernatorial+elections&prop=text%7Crevid&format=json&formatversion=2&redirects=1,data/raw/governors/wikipedia/2024_gubernatorial_elections.json,588302,d6a204bc42a4c8dc49e83225ec5ba50d6196b90dfd6e9bed68da92ea9ae3fd5c,200,2026-10-05T06:13:48Z,ok,parse API: 2024 United States gubernatorial elections
D18,Wikipedia,https://en.wikipedia.org/w/api.php?action=parse&page=2025+United+States+gubernatorial+elections&prop=text%7Crevid&format=json&formatversion=2&redirects=1,data/raw/governors/wikipedia/2025_gubernatorial_elections.json,184319,b2fd7af6c18e066f516f7f93e96577102fbc5948f22178859ae1801617c792b4,200,2026-10-05T06:13:49Z,ok,parse API: 2025 United States gubernatorial elections
D18,Wikipedia,https://en.wikipedia.org/w/api.php?action=parse&page=2026+United+States+gubernatorial+elections&prop=text%7Crevid&format=json&formatversion=2&redirects=1,data/raw/governors/wikipedia/2026_gubernatorial_elections.json,1046372,1bb314d9e01ccf8ea1079ba94a92e2f2d6c1bd1e6d1ae9adaf4b61d1c0a35ffe,200,2026-10-05T06:13:50Z,ok,parse API: 2026 United States gubernatorial elections
D18,Wikipedia,https://en.wikipedia.org/w/api.php?action=parse&page=2027+United+States+gubernatorial+elections&prop=text%7Crevid&format=json&formatversion=2&redirects=1,data/raw/governors/wikipedia/2027_gubernatorial_elections.json,97964,085b24e8f2a975021498000d083bde57fe98a6689401c687de696e507c08d1a4,200,2026-10-05T06:13:51Z,ok,parse API: 2027 United States gubernatorial elections
D18,Wikipedia,https://en.wikipedia.org/w/api.php?action=parse&page=2028+United+States+gubernatorial+elections&prop=text%7Crevid&format=json&formatversion=2&redirects=1,data/raw/governors/wikipedia/2028_gubernatorial_elections.json,134671,625ea621a741d940e7541b30ee27a2366ab8c543f54dcdabeea8630f93532460,200,2026-10-05T06:13:52Z,ok,parse API: 2028 United States gubernatorial elections
D19,US Census Bureau,https://www2.census.gov/programs-surveys/decennial/2020/data/apportionment/apportionment-2020-tableC1.pdf,data/raw/census_apportionment/apportionment-2020-tableC1.pdf,66207,4cfaf54f1e00b7f8f7a3cd3f3f7d1e182e4d8b21c312672cc90caff4a0dfaecb,200,2026-10-04T20:02:25Z,ok,
D19,US Census Bureau,https://www2.census.gov/programs-surveys/decennial/2020/data/apportionment/apportionment-2020-tableC1.xlsx,data/raw/census_apportionment/apportionment-2020-tableC1.xlsx,15245,70133b1e61f7a781fcdcf6506a846f17680cc6331360f62f8ea7d6a8cf8e187f,200,2026-10-04T20:02:25Z,ok,
D2,OpenFEMA,https://www.fema.gov/api/open/v2/DisasterDeclarationsSummaries.csv,data/raw/openfema/DisasterDeclarationsSummaries.csv,24964397,865e68d8f874a80f1b63a4f05f01b9d4a3be1490baee548561bf1d65dac2b260,200,2026-10-04T19:59:33Z,ok,bulk CSV
D20,Voteview,https://voteview.com/static/data/out/members/HSall_members.csv,data/raw/voteview/HSall_members.csv,6201422,d78f55120b59534e99f30541469325059f953b210f0ddb6ebb54601c9303c0f6,200,2026-10-04T20:02:28Z,ok,
D21,Voteview,https://voteview.com/static/data/out/parties/HSall_parties.csv,data/raw/voteview/HSall_parties.csv,59787,2e87975b147d75a4f5ee5490e939d39f535840cd6734630b3e7912e35f8e8ae4,200,2026-10-04T20:02:28Z,ok,
D22,Harvard Dataverse API,https://dataverse.harvard.edu/api/datasets/:persistentId/versions/:latest/files?persistentId=doi:10.7910/DVN/T53FFK,data/raw/dataverse/shor_mccarty/_dataverse_files.json,4116,388d8e9d36897bbe1ed0adbd9a18e3c4a20f20821b95c8cc73f17ea2d9ae9bf3,200,2026-10-05T05:51:19Z,ok,"file listing; newest of 5 versions: Aggregate State Legislator Shor-McCarty Ideology Data, January 2025 update"
D22,Harvard Dataverse,https://dvn-cloud-iqss.s3.amazonaws.com/10.7910/DVN/T53FFK/194bcfae745-d3a14105ba4c?response-content-disposition=attachment%3B%20filename%2A%3DUTF-8%27%27shor%2520and%2520mccarty%25202011%2520final%2520apsr.pdf&response-content-type=application%2Fpdf&X-Amz-Algorithm=AWS4-HMAC-SHA256&X-Amz-Date=20261005T055119Z&X-Amz-SignedHeaders=host&X-Amz-Credential=AKIAZT3GWQ6FKBSH5I56%2F20261005%2Fus-east-1%2Fs3%2Faws4_request&X-Amz-Expires=3600&X-Amz-Signature=d920f22cf0cca145ee171cc15a8466eb23e918db97c9b502bce6b9afbbbbbe86,data/raw/dataverse/shor_mccarty/shor and mccarty 2011 final apsr.pdf,1278615,1733096cbdbb0e1180c48e213950472628b627d2c9033f9e8109a6a72f495b50,200,2026-10-05T05:51:20Z,ok,doi:10.7910/DVN/T53FFK file id 10853751
D22,Harvard Dataverse,https://dvn-cloud-iqss.s3.amazonaws.com/10.7910/DVN/T53FFK/194bcfae7e1-6133e55922fa.orig?response-content-disposition=attachment%3B%20filename%2A%3DUTF-8%27%27shor%2520mccarty%25201993-2022%2520state%2520aggregate%2520data%2520January%25202025%2520release.dta&response-content-type=application%2Fx-stata-14&X-Amz-Algorithm=AWS4-HMAC-SHA256&X-Amz-Date=20261005T055120Z&X-Amz-SignedHeaders=host&X-Amz-Credential=AKIAZT3GWQ6FKBSH5I56%2F20261005%2Fus-east-1%2Fs3%2Faws4_request&X-Amz-Expires=3600&X-Amz-Signature=9c1f704a13206ca5cd16ef6b22ba903b941462172ef5a01dab212ce7a632c748,data/raw/dataverse/shor_mccarty/shor mccarty 1993-2022 state aggregate data January 2025 release.dta,459315,9597cc6893fca43e45fda2fc65927e2e3b9d469f68673d1587d3a83a96f8768e,200,2026-10-05T05:51:20Z,ok,doi:10.7910/DVN/T53FFK file id 10853749
D22,Harvard Dataverse,https://dvn-cloud-iqss.s3.amazonaws.com/10.7910/DVN/T53FFK/194bcfae89f-241ad52d5ed4?response-content-disposition=attachment%3B%20filename%2A%3DUTF-8%27%27shor%2520mccarty%2520state%2520aggregate%2520data%2520codebook%2520jan%25202025.pdf&response-content-type=application%2Fpdf&X-Amz-Algorithm=AWS4-HMAC-SHA256&X-Amz-Date=20261005T055121Z&X-Amz-SignedHeaders=host&X-Amz-Credential=AKIAZT3GWQ6FKBSH5I56%2F20261005%2Fus-east-1%2Fs3%2Faws4_request&X-Amz-Expires=3600&X-Amz-Signature=da005d9039ca9574f4fcca0c067a28f9d85508c8d8e7502c7b14cf9de345d534,data/raw/dataverse/shor_mccarty/shor mccarty state aggregate data codebook jan 2025.pdf,43368,18c717d253f8c2483bead8089485f8bf8d96c240c8ae7257c61cafdd832734db,200,2026-10-05T05:51:21Z,ok,doi:10.7910/DVN/T53FFK file id 10853750
D22,Harvard Dataverse,https://dvn-cloud-iqss.s3.amazonaws.com/10.7910/DVN/T53FFK/194bcfaec09-58785bec62ae?response-content-disposition=attachment%3B%20filename%2A%3DUTF-8%27%27two%2520decades%2520of%2520polarization%2520-%2520shor%2520and%2520mccarty%25202022.pdf&response-content-type=application%2Fpdf&X-Amz-Algorithm=AWS4-HMAC-SHA256&X-Amz-Date=20261005T055122Z&X-Amz-SignedHeaders=host&X-Amz-Credential=AKIAZT3GWQ6FKBSH5I56%2F20261005%2Fus-east-1%2Fs3%2Faws4_request&X-Amz-Expires=3600&X-Amz-Signature=1c4297ddd6488e03548b85b0bc5b85f362772a86c50ebb1f4756d5dcfa1b2c5a,data/raw/dataverse/shor_mccarty/two decades of polarization - shor and mccarty 2022.pdf,5441571,75f7ce8c4ebb17d2822c6ac1ce74c90b76a7b6aada4364f0cb9d3ec4ce10baed,200,2026-10-05T05:51:23Z,ok,doi:10.7910/DVN/T53FFK file id 10853748
D3,OpenFEMA,https://www.fema.gov/api/open/v1/FemaWebDisasterDeclarations.csv,data/raw/openfema/FemaWebDisasterDeclarations.csv,2415011,f0f5814982d34882b3b0187314facba44777b4fcb9c1ea314a388f0a6a19269b,200,2026-10-04T20:05:28Z,ok,bulk CSV
D4,OpenFEMA,https://www.fema.gov/api/open/v1/FemaWebDisasterSummaries.csv,data/raw/openfema/FemaWebDisasterSummaries.csv,665350,1a8465b05c4ca7062aea7efb8c5790f39d6b63470bffc9e6df8b0f0f0f55816a,200,2026-10-04T19:59:41Z,ok,bulk CSV
D6,NOAA NCEI Storm Events,https://www.ncei.noaa.gov/pub/data/swdi/stormevents/csvfiles/StormEvents_details-ftp_v1.0_d1988_c20260323.csv.gz,data/raw/storm_events/StormEvents_details-ftp_v1.0_d1988_c20260323.csv.gz,254114,6f92f85c3af4d17210a94095b8b353def4c0bf9280e68f78d6380e202c4371c1,200,2026-10-04T20:40:58Z,ok,"year 1988, latest revision c20260323"
D6,NOAA NCEI Storm Events,https://www.ncei.noaa.gov/pub/data/swdi/stormevents/csvfiles/StormEvents_details-ftp_v1.0_d1989_c20260323.csv.gz,data/raw/storm_events/StormEvents_details-ftp_v1.0_d1989_c20260323.csv.gz,354741,c506ea393bb292824aa8f7925cc07582120f7e5b80313be549c3e5b0d1a29386,200,2026-10-04T20:40:59Z,ok,"year 1989, latest revision c20260323"
D6,NOAA NCEI Storm Events,https://www.ncei.noaa.gov/pub/data/swdi/stormevents/csvfiles/StormEvents_details-ftp_v1.0_d1990_c20260323.csv.gz,data/raw/storm_events/StormEvents_details-ftp_v1.0_d1990_c20260323.csv.gz,383561,c43695d31ffa32ba79f52b4d0a6ec53e2d69076058c2d91d91de4775fa449f87,200,2026-10-04T20:40:59Z,ok,"year 1990, latest revision c20260323"
D6,NOAA NCEI Storm Events,https://www.ncei.noaa.gov/pub/data/swdi/stormevents/csvfiles/StormEvents_details-ftp_v1.0_d1991_c20260323.csv.gz,data/raw/storm_events/StormEvents_details-ftp_v1.0_d1991_c20260323.csv.gz,433364,cb46d6324a7f3fd3c3d6039a1350a3df0e005d731656c0657e88b715ff5d8f35,200,2026-10-04T20:41:00Z,ok,"year 1991, latest revision c20260323"
D6,NOAA NCEI Storm Events,https://www.ncei.noaa.gov/pub/data/swdi/stormevents/csvfiles/StormEvents_details-ftp_v1.0_d1992_c20260323.csv.gz,data/raw/storm_events/StormEvents_details-ftp_v1.0_d1992_c20260323.csv.gz,477016,6cb5752c32c02ef8919476502f96e6014171c81460e34174ad5c91902d4d79b4,200,2026-10-04T20:41:00Z,ok,"year 1992, latest revision c20260323"
D6,NOAA NCEI Storm Events,https://www.ncei.noaa.gov/pub/data/swdi/stormevents/csvfiles/StormEvents_details-ftp_v1.0_d1993_c20260323.csv.gz,data/raw/storm_events/StormEvents_details-ftp_v1.0_d1993_c20260323.csv.gz,555362,e5923d6d09a563117498824c3ca193ee6a6468f0dda57b6778dcd3c6fda36373,200,2026-10-04T20:41:01Z,ok,"year 1993, latest revision c20260323"
D6,NOAA NCEI Storm Events,https://www.ncei.noaa.gov/pub/data/swdi/stormevents/csvfiles/StormEvents_details-ftp_v1.0_d1994_c20260323.csv.gz,data/raw/storm_events/StormEvents_details-ftp_v1.0_d1994_c20260323.csv.gz,1032765,c20566eced304f6e5530ba945c7b91c152c0d83f349ebb3d0120b7e23be19b3d,200,2026-10-04T20:41:01Z,ok,"year 1994, latest revision c20260323"
D6,NOAA NCEI Storm Events,https://www.ncei.noaa.gov/pub/data/swdi/stormevents/csvfiles/StormEvents_details-ftp_v1.0_d1995_c20260323.csv.gz,data/raw/storm_events/StormEvents_details-ftp_v1.0_d1995_c20260323.csv.gz,1351488,acf39bac8c4c0a9631bbdee46b47a95b434d35bb78b779238d3b45f4d40618d5,200,2026-10-04T20:41:02Z,ok,"year 1995, latest revision c20260323"
D6,NOAA NCEI Storm Events,https://www.ncei.noaa.gov/pub/data/swdi/stormevents/csvfiles/StormEvents_details-ftp_v1.0_d1996_c20260323.csv.gz,data/raw/storm_events/StormEvents_details-ftp_v1.0_d1996_c20260323.csv.gz,6297309,518c43aadbffbf7509a2ab20cfa6b54f1d63f196b3d8aedb9ffd7d032968eb45,200,2026-10-04T20:41:34Z,ok,"year 1996, latest revision c20260323"
D6,NOAA NCEI Storm Events,https://www.ncei.noaa.gov/pub/data/swdi/stormevents/csvfiles/StormEvents_details-ftp_v1.0_d1997_c20260323.csv.gz,data/raw/storm_events/StormEvents_details-ftp_v1.0_d1997_c20260323.csv.gz,6632990,3fdcaa0a839d8b619161188d7d01b8e24e2688fcfc227ea15a73d7da876b36bc,200,2026-10-04T20:57:09Z,ok,"year 1997, latest revision c20260323"
D6,NOAA NCEI Storm Events,https://www.ncei.noaa.gov/pub/data/swdi/stormevents/csvfiles/StormEvents_details-ftp_v1.0_d1998_c20260323.csv.gz,data/raw/storm_events/StormEvents_details-ftp_v1.0_d1998_c20260323.csv.gz,10295109,21e4b8d8a88437a25f441ef453ab2ef96ef98f479f2d0f51d0f72b559176699b,200,2026-10-04T20:57:41Z,ok,"year 1998, latest revision c20260323"
D6,NOAA NCEI Storm Events,https://www.ncei.noaa.gov/pub/data/swdi/stormevents/csvfiles/StormEvents_details-ftp_v1.0_d1999_c20260323.csv.gz,data/raw/storm_events/StormEvents_details-ftp_v1.0_d1999_c20260323.csv.gz,10362659,c407d09273bc91d645f0f119bfd7128c153f1acb62c239f34572f483b09aacfb,200,2026-10-04T20:58:16Z,ok,"year 1999, latest revision c20260323"
D6,NOAA NCEI Storm Events,https://www.ncei.noaa.gov/pub/data/swdi/stormevents/csvfiles/StormEvents_details-ftp_v1.0_d2000_c20260323.csv.gz,data/raw/storm_events/StormEvents_details-ftp_v1.0_d2000_c20260323.csv.gz,7914864,a4ca5b02ad766bf50db2b192c127b625018f66bb9fb4d9746677d39ba2e392ab,200,2026-10-04T20:58:17Z,ok,"year 2000, latest revision c20260323"
D6,NOAA NCEI Storm Events,https://www.ncei.noaa.gov/pub/data/swdi/stormevents/csvfiles/StormEvents_details-ftp_v1.0_d2001_c20260323.csv.gz,data/raw/storm_events/StormEvents_details-ftp_v1.0_d2001_c20260323.csv.gz,6876091,77a84aa66aaa9f7f95a15ecb2d18451bc05be801ea10f606d2e83fb44f737e51,200,2026-10-04T21:18:21Z,ok,"year 2001, latest revision c20260323"
D6,NOAA NCEI Storm Events,https://www.ncei.noaa.gov/pub/data/swdi/stormevents/csvfiles/StormEvents_details-ftp_v1.0_d2002_c20260323.csv.gz,data/raw/storm_events/StormEvents_details-ftp_v1.0_d2002_c20260323.csv.gz,7196867,6f941b2ea120245e2e924093032c91c3377e7d1ea2c9163593456facb9ebe185,200,2026-10-04T21:18:22Z,ok,"year 2002, latest revision c20260323"
D6,NOAA NCEI Storm Events,https://www.ncei.noaa.gov/pub/data/swdi/stormevents/csvfiles/StormEvents_details-ftp_v1.0_d2003_c20260323.csv.gz,data/raw/storm_events/StormEvents_details-ftp_v1.0_d2003_c20260323.csv.gz,7213001,f6d23ba4043394a517c8c6b0db8346f940a1de3fb8cac76eee773c5797243e3c,200,2026-10-04T21:18:55Z,ok,"year 2003, latest revision c20260323"
D6,NOAA NCEI Storm Events,https://www.ncei.noaa.gov/pub/data/swdi/stormevents/csvfiles/StormEvents_details-ftp_v1.0_d2004_c20260323.csv.gz,data/raw/storm_events/StormEvents_details-ftp_v1.0_d2004_c20260323.csv.gz,7335278,b0827cd69b8d0ddc1446d8a322132502a05af19b1193c15eae118f13396844e3,200,2026-10-04T22:07:09Z,ok,"year 2004, latest revision c20260323"
D6,NOAA NCEI Storm Events,https://www.ncei.noaa.gov/pub/data/swdi/stormevents/csvfiles/StormEvents_details-ftp_v1.0_d2005_c20260323.csv.gz,data/raw/storm_events/StormEvents_details-ftp_v1.0_d2005_c20260323.csv.gz,7765419,d68e3cbfbe5fb79f720eccea372c53585614bab618f3c2a4433e47767f54e55f,200,2026-10-04T22:07:10Z,ok,"year 2005, latest revision c20260323"
D6,NOAA NCEI Storm Events,https://www.ncei.noaa.gov/pub/data/swdi/stormevents/csvfiles/StormEvents_details-ftp_v1.0_d2006_c20260323.csv.gz,data/raw/storm_events/StormEvents_details-ftp_v1.0_d2006_c20260323.csv.gz,7590951,a958ea15688b3346fd69efe53e91b4d57a26f8e6f99e1ddcc3b92c2eb2d57d0b,200,2026-10-04T22:07:31Z,ok,"year 2006, latest revision c20260323"
D6,NOAA NCEI Storm Events,https://www.ncei.noaa.gov/pub/data/swdi/stormevents/csvfiles/StormEvents_details-ftp_v1.0_d2007_c20260323.csv.gz,data/raw/storm_events/StormEvents_details-ftp_v1.0_d2007_c20260323.csv.gz,9775676,e8289daa871946230862e2ca0d119195df7108e4a680fe83e3d419f3f21a7524,200,2026-10-04T23:21:29Z,ok,"year 2007, latest revision c20260323"
D6,NOAA NCEI Storm Events,https://www.ncei.noaa.gov/pub/data/swdi/stormevents/csvfiles/StormEvents_details-ftp_v1.0_d2008_c20260323.csv.gz,data/raw/storm_events/StormEvents_details-ftp_v1.0_d2008_c20260323.csv.gz,12276398,c97260e82760b17bc571d55e1ca1f5073ccc0558b774313d46dddc3e1ef39b37,200,2026-10-04T23:21:31Z,ok,"year 2008, latest revision c20260323"
D6,NOAA NCEI Storm Events,https://www.ncei.noaa.gov/pub/data/swdi/stormevents/csvfiles/StormEvents_details-ftp_v1.0_d2009_c20260323.csv.gz,data/raw/storm_events/StormEvents_details-ftp_v1.0_d2009_c20260323.csv.gz,10335606,c04d6e0173153475440cb614bd019287986c74c311c61864478f9087d7d1b357,200,2026-10-04T23:55:26Z,ok,"year 2009, latest revision c20260323"
D6,NOAA NCEI Storm Events,https://www.ncei.noaa.gov/pub/data/swdi/stormevents/csvfiles/StormEvents_details-ftp_v1.0_d2010_c20260323.csv.gz,data/raw/storm_events/StormEvents_details-ftp_v1.0_d2010_c20260323.csv.gz,11729156,d109f8a6ab1a71e70f60fe42d30a0e31f370c904e248a51e5fe85573f904878e,200,2026-10-04T23:55:27Z,ok,"year 2010, latest revision c20260323"
D6,NOAA NCEI Storm Events,https://www.ncei.noaa.gov/pub/data/swdi/stormevents/csvfiles/StormEvents_details-ftp_v1.0_d2011_c20260323.csv.gz,data/raw/storm_events/StormEvents_details-ftp_v1.0_d2011_c20260323.csv.gz,15695066,be3b40cd098a879be12c2c3e614700560bd537e6178bba8b1aaf099f665dda40,200,2026-10-04T23:55:58Z,ok,"year 2011, latest revision c20260323"
D6,NOAA NCEI Storm Events,https://www.ncei.noaa.gov/pub/data/swdi/stormevents/csvfiles/StormEvents_details-ftp_v1.0_d2012_c20260323.csv.gz,data/raw/storm_events/StormEvents_details-ftp_v1.0_d2012_c20260323.csv.gz,11820671,673db47f6dc9e97e06ffec3b628f5341c128f594d9b247bd07bad2e8397ebac3,200,2026-10-04T23:56:02Z,ok,"year 2012, latest revision c20260323"
D6,NOAA NCEI Storm Events,https://www.ncei.noaa.gov/pub/data/swdi/stormevents/csvfiles/StormEvents_details-ftp_v1.0_d2013_c20260323.csv.gz,data/raw/storm_events/StormEvents_details-ftp_v1.0_d2013_c20260323.csv.gz,11725909,4fa4036ed1c7ea9a779d5a5841d18de08596c423920189a9e6173488d1a98260,200,2026-10-04T23:56:04Z,ok,"year 2013, latest revision c20260323"
D6,NOAA NCEI Storm Events,https://www.ncei.noaa.gov/pub/data/swdi/stormevents/csvfiles/StormEvents_details-ftp_v1.0_d2014_c20260323.csv.gz,data/raw/storm_events/StormEvents_details-ftp_v1.0_d2014_c20260323.csv.gz,11084754,410b457b1b9628cfd63292848a626482a88714c8bd8c45d56a0469f9de05d078,200,2026-10-04T23:56:06Z,ok,"year 2014, latest revision c20260323"
D6,NOAA NCEI Storm Events,https://www.ncei.noaa.gov/pub/data/swdi/stormevents/csvfiles/StormEvents_details-ftp_v1.0_d2015_c20260323.csv.gz,data/raw/storm_events/StormEvents_details-ftp_v1.0_d2015_c20260323.csv.gz,10041550,c4a5a24b8c69ad2b6b867790ce298f5b642a60516c9fce5550a8d2f67cd7bf2e,200,2026-10-04T23:56:07Z,ok,"year 2015, latest revision c20260323"
D6,NOAA NCEI Storm Events,https://www.ncei.noaa.gov/pub/data/swdi/stormevents/csvfiles/StormEvents_details-ftp_v1.0_d2016_c20260323.csv.gz,data/raw/storm_events/StormEvents_details-ftp_v1.0_d2016_c20260323.csv.gz,9065715,d8e1389897df3557e74ba36820357f6962a7c0ca922595400fe74d883f7a5036,200,2026-10-04T23:56:08Z,ok,"year 2016, latest revision c20260323"
D6,NOAA NCEI Storm Events,https://www.ncei.noaa.gov/pub/data/swdi/stormevents/csvfiles/StormEvents_details-ftp_v1.0_d2017_c20260519.csv.gz,data/raw/storm_events/StormEvents_details-ftp_v1.0_d2017_c20260519.csv.gz,9340854,bd3ca72b71544222cba8aa2b29eb3f0efe050d3330a0c408e208befb66881750,200,2026-10-04T23:56:10Z,ok,"year 2017, latest revision c20260519"
D6,NOAA NCEI Storm Events,https://www.ncei.noaa.gov/pub/data/swdi/stormevents/csvfiles/StormEvents_details-ftp_v1.0_d2018_c20260323.csv.gz,data/raw/storm_events/StormEvents_details-ftp_v1.0_d2018_c20260323.csv.gz,9585982,19702480f50cd2a8dacce5e57891feba156afb87b1ea5cbb4eaeda69d2b964a4,200,2026-10-04T23:56:11Z,ok,"year 2018, latest revision c20260323"
D6,NOAA NCEI Storm Events,https://www.ncei.noaa.gov/pub/data/swdi/stormevents/csvfiles/StormEvents_details-ftp_v1.0_d2019_c20260323.csv.gz,data/raw/storm_events/StormEvents_details-ftp_v1.0_d2019_c20260323.csv.gz,11602648,f5043ecc776818b0feffdf1e0fcbaf63329db0635eab1057c7b8ba00ef332e3b,200,2026-10-04T23:56:14Z,ok,"year 2019, latest revision c20260323"
D6,NOAA NCEI Storm Events,https://www.ncei.noaa.gov/pub/data/swdi/stormevents/csvfiles/StormEvents_details-ftp_v1.0_d2020_c20260323.csv.gz,data/raw/storm_events/StormEvents_details-ftp_v1.0_d2020_c20260323.csv.gz,10444606,895c56fd46991c4d9a135d67558dc4b447a02a2314efac0ace645135b98f9c9d,200,2026-10-04T23:56:16Z,ok,"year 2020, latest revision c20260323"
D6,NOAA NCEI Storm Events,https://www.ncei.noaa.gov/pub/data/swdi/stormevents/csvfiles/StormEvents_details-ftp_v1.0_d2021_c20260323.csv.gz,data/raw/storm_events/StormEvents_details-ftp_v1.0_d2021_c20260323.csv.gz,10563953,60c1daf96dbe8eafd48c80df5b70df51a0125ab95d467ee7009a646761d57715,200,2026-10-04T23:56:18Z,ok,"year 2021, latest revision c20260323"
D6,NOAA NCEI Storm Events,https://www.ncei.noaa.gov/pub/data/swdi/stormevents/csvfiles/StormEvents_details-ftp_v1.0_d2022_c20260625.csv.gz,data/raw/storm_events/StormEvents_details-ftp_v1.0_d2022_c20260625.csv.gz,11817849,7d6b79d0049a6edec96b061738289daddba90be26fc9afe7b0a6fd617f21452e,200,2026-10-04T23:56:20Z,ok,"year 2022, latest revision c20260625"
D6,NOAA NCEI Storm Events,https://www.ncei.noaa.gov/pub/data/swdi/stormevents/csvfiles/StormEvents_details-ftp_v1.0_d2023_c20260323.csv.gz,data/raw/storm_events/StormEvents_details-ftp_v1.0_d2023_c20260323.csv.gz,12888092,713784bed40d9e5a95b1d6240a654f865f3ef97703713105c7b35437270da134,200,2026-10-04T23:56:22Z,ok,"year 2023, latest revision c20260323"
D6,NOAA NCEI Storm Events,https://www.ncei.noaa.gov/pub/data/swdi/stormevents/csvfiles/StormEvents_details-ftp_v1.0_d2024_c20260728.csv.gz,data/raw/storm_events/StormEvents_details-ftp_v1.0_d2024_c20260728.csv.gz,12693243,2070b83eccab041b36360ab73645b9a249c3eefc5b92b5b3fc0cbba4d9fcc09c,200,2026-10-04T23:56:24Z,ok,"year 2024, latest revision c20260728"
D6,NOAA NCEI Storm Events,https://www.ncei.noaa.gov/pub/data/swdi/stormevents/csvfiles/StormEvents_details-ftp_v1.0_d2025_c20260819.csv.gz,data/raw/storm_events/StormEvents_details-ftp_v1.0_d2025_c20260819.csv.gz,12585209,d9b46b4c6aae554723cadbb9691f3d5258371c02e530ba815d6fe41e4550149f,200,2026-10-05T03:57:59Z,ok,"year 2025, latest revision c20260819"
D6,NOAA NCEI Storm Events,https://www.ncei.noaa.gov/pub/data/swdi/stormevents/csvfiles/StormEvents_details-ftp_v1.0_d2026_c20260918.csv.gz,data/raw/storm_events/StormEvents_details-ftp_v1.0_d2026_c20260918.csv.gz,7490892,61c1dfebdfb24d561bad4528a31659791cf9a83d74663dd4e97b1e0088003f44,200,2026-10-05T04:35:02Z,ok,"year 2026, latest revision c20260918"
D7,FEMA PDA reports,https://www.fema.gov/disaster/how-declared/preliminary-damage-assessments/reports,,,,403,2026-10-05T05:52:45Z,blocked,listing page: HTTP 403 from www.fema.gov. PDFs and R extraction not attempted; the www.fema.gov web pages refuse this network (OpenFEMA API is fine)
D8,Federal Register API (derived index),https://www.federalregister.gov/api/v1/documents.json,data/raw/fedreg/fedreg_notices.csv,21250,0e8da1f8654af6fe7e308f36dfdd2c5fcad3ab46231da146bd0dcdec89c5a360,,2026-10-05T05:52:45Z,ok,55 notices; built from search_*.json
D8,Federal Register API,https://www.federalregister.gov/api/v1/documents.json?conditions%5Bterm%5D=%22statewide+per+capita+impact+indicator%22&per_page=100&order=oldest&fields%5B%5D=title&fields%5B%5D=publication_date&fields%5B%5D=document_number&fields%5B%5D=html_url&fields%5B%5D=pdf_url&fields%5B%5D=raw_text_url&fields%5B%5D=full_text_xml_url&fields%5B%5D=type&fields%5B%5D=agencies&fields%5B%5D=abstract,data/raw/fedreg/search_brief.json,38349,f6697c1fdcd76d221d22fbd6e8dfbf792f2b1f74ce7084053989ad70ce052c7a,200,2026-10-05T00:46:11Z,ok,"search results (brief query, page 1)"
D8,Federal Register API,https://www.federalregister.gov/api/v1/documents.json?conditions%5Bterm%5D=%22per+capita+impact+indicator%22&conditions%5Bagencies%5D%5B%5D=federal-emergency-management-agency&per_page=100&order=oldest&fields%5B%5D=title&fields%5B%5D=publication_date&fields%5B%5D=document_number&fields%5B%5D=html_url&fields%5B%5D=pdf_url&fields%5B%5D=raw_text_url&fields%5B%5D=full_text_xml_url&fields%5B%5D=type&fields%5B%5D=agencies&fields%5B%5D=abstract,data/raw/fedreg/search_supplement.json,76039,ef32ad15e93854852b8560873f165f844395533132f8fc9847066734a3b1995a,200,2026-10-05T00:46:12Z,ok,"search results (supplement query, page 1)"
D8,GPO govinfo (Federal Register),https://www.govinfo.gov/content/pkg/FR-2000-10-16/html/00-26536.htm,data/raw/fedreg/text/00-26536.htm,1931,5c9d11667f3d988fcc94f6977fb679aded6dec232ce4d849bfeeeee64787f1c8,200,2026-10-05T02:31:02Z,ok,2000-10-16 Notice of Adjustment of Disaster Grant Amounts
D8,GPO govinfo (Federal Register),https://www.govinfo.gov/content/pkg/FR-2001-10-09/html/01-25249.htm,data/raw/fedreg/text/01-25249.htm,2287,bc901f1f38850d2ff7ff2402f24111902d9d98b73dd1df00f0fec69148b64757,200,2026-10-05T02:32:07Z,ok,2001-10-09 Notice of Adjustment of Countywide Per Capita Impact Indicator
D8,GPO govinfo (Federal Register),https://www.govinfo.gov/content/pkg/FR-2001-10-09/html/01-25250.htm,data/raw/fedreg/text/01-25250.htm,1957,dec880cbcb4d77ec2c3deb16eab688a10f835bf65f79d48f739ae3def74ea5c7,200,2026-10-05T02:31:02Z,ok,2001-10-09 Notice of Adjustment of Statewide Per Capita Impact Indicator
D8,GPO govinfo (Federal Register),https://www.govinfo.gov/content/pkg/FR-2001-11-14/html/01-28577.htm,data/raw/fedreg/text/01-28577.htm,85398,f8d477565eb02c196fdb2752301b9cc39f93e9deadeb88fa1431469e58c54b1e,200,2026-10-05T02:31:03Z,ok,2001-11-14 Disaster Assistance; Fire Management Assistance Grant Program
D8,GPO govinfo (Federal Register),https://www.govinfo.gov/content/pkg/FR-2002-10-11/html/02-25966.htm,data/raw/fedreg/text/02-25966.htm,2260,c8496f0292977e4ec353bc3eb4ecea496569ccce055365df88030c8bb8a0aca9,200,2026-10-05T02:31:03Z,ok,2002-10-11 Notice of Adjustment of Statewide Per Capita Impact Indicator
D8,GPO govinfo (Federal Register),https://www.govinfo.gov/content/pkg/FR-2002-10-11/html/02-25967.htm,data/raw/fedreg/text/02-25967.htm,2285,a8ef0f10fe8d9a1345c799e234e13f5ad646d2e55438591ea73121228a5d1c22,200,2026-10-05T02:32:07Z,ok,2002-10-11 Notice of Adjustment of Countywide Per Capita Impact Indicator
D8,GPO govinfo (Federal Register),https://www.govinfo.gov/content/pkg/FR-2003-10-15/html/03-25997.htm,data/raw/fedreg/text/03-25997.htm,2159,9b3fa3338f2f6bcd65d830efc9987fb38ca0271ad5c11005301015aa67595fdd,200,2026-10-05T02:32:07Z,ok,2003-10-15 Notice of Adjustment of Countywide Per Capita Impact Indicator
D8,GPO govinfo (Federal Register),https://www.govinfo.gov/content/pkg/FR-2003-10-15/html/03-25998.htm,data/raw/fedreg/text/03-25998.htm,2101,a617002aca8f98c2027b3a44ce913a2dc18ea2dee3e10db8dff6012f00f8b9e1,200,2026-10-05T02:31:04Z,ok,2003-10-15 Notice of Adjustment of Statewide Per Capita Impact Indicator
D8,GPO govinfo (Federal Register),https://www.govinfo.gov/content/pkg/FR-2004-10-19/html/04-23318.htm,data/raw/fedreg/text/04-23318.htm,2200,5a2f8370a72fe7705fc6ff3afa49cac4aef3ef1951efba57feddec3457dc2595,200,2026-10-05T02:31:04Z,ok,2004-10-19 Notice of Adjustment of Statewide Per Capita Impact Indicator
D8,GPO govinfo (Federal Register),https://www.govinfo.gov/content/pkg/FR-2004-10-19/html/04-23320.htm,data/raw/fedreg/text/04-23320.htm,2241,b48fba24d05b5a4aca30ab8c1486bcd2cbbd7ffba5e538ae540c6ead409e45be,200,2026-10-05T02:32:08Z,ok,2004-10-19 Notice of Adjustment of Countywide Per Capita Impact Indicator
D8,GPO govinfo (Federal Register),https://www.govinfo.gov/content/pkg/FR-2005-10-07/html/05-20293.htm,data/raw/fedreg/text/05-20293.htm,2219,418e66ad894586d511669964eb1d879da650be20ab9fc2bf9477d5d3ac61a69b,200,2026-10-05T02:32:08Z,ok,2005-10-07 Notice of Adjustment of Countywide Per Capita Impact Indicator
D8,GPO govinfo (Federal Register),https://www.govinfo.gov/content/pkg/FR-2005-10-07/html/05-20296.htm,data/raw/fedreg/text/05-20296.htm,2197,d6d5f7ac9d85b8f58cb15ffee30250a1e3612dc42c89055528728edd06452fd4,200,2026-10-05T02:31:05Z,ok,2005-10-07 Notice of Adjustment of Statewide Per Capita Impact Indicator
D8,GPO govinfo (Federal Register),https://www.govinfo.gov/content/pkg/FR-2010-10-07/html/2010-25332.htm,data/raw/fedreg/text/2010-25332.htm,2205,b57cb485c1949963e27c798f83a0079fe0d21cb3b415de83bbaaed31b435f542,200,2026-10-05T02:32:11Z,ok,2010-10-07 Notice of Adjustment of Countywide Per Capita Impact Indicator
D8,GPO govinfo (Federal Register),https://www.govinfo.gov/content/pkg/FR-2010-10-07/html/2010-25334.htm,data/raw/fedreg/text/2010-25334.htm,2085,a3155ddf8a4f75372617066d1a713a0d555710b8c31c0becab54a47c783141a5,200,2026-10-05T02:31:07Z,ok,2010-10-07 Notice of Adjustment of Statewide Per Capita Impact Indicator
D8,GPO govinfo (Federal Register),https://www.govinfo.gov/content/pkg/FR-2011-10-14/html/2011-26611.htm,data/raw/fedreg/text/2011-26611.htm,2088,7c8e90cab689299b8f87be10735b5ad46fd1f661b7f776fdb7e461ab3152bf9b,200,2026-10-05T02:31:08Z,ok,2011-10-14 Notice of Adjustment of Statewide Per Capita Impact Indicator
D8,GPO govinfo (Federal Register),https://www.govinfo.gov/content/pkg/FR-2011-10-14/html/2011-26612.htm,data/raw/fedreg/text/2011-26612.htm,2257,6eb5eceb16e60210dacc0550e0090b8ffe99b35db383a11e77b68b59884f8ff5,200,2026-10-05T02:32:12Z,ok,2011-10-14 Notice of Adjustment of Countywide Per Capita Impact Indicator
D8,GPO govinfo (Federal Register),https://www.govinfo.gov/content/pkg/FR-2012-10-05/html/2012-24672.htm,data/raw/fedreg/text/2012-24672.htm,2377,5ec3351b3f214a91fd28a3cdabe54cb3c1ed90621a1f66c76ef2767297ee0ad0,200,2026-10-05T02:32:12Z,ok,2012-10-05 Notice of Adjustment of Countywide Per Capita Impact Indicator
D8,GPO govinfo (Federal Register),https://www.govinfo.gov/content/pkg/FR-2012-10-09/html/2012-24673.htm,data/raw/fedreg/text/2012-24673.htm,2156,4d50ca5e5fad25f66230b97d538cceaba5d40a49e02c6a65826cebe5af8d7516,200,2026-10-05T02:31:08Z,ok,2012-10-09 Notice of Adjustment of Statewide Per Capita Impact Indicator
D8,GPO govinfo (Federal Register),https://www.govinfo.gov/content/pkg/FR-2013-10-28/html/2013-25332.htm,data/raw/fedreg/text/2013-25332.htm,2311,0d3d3cd466ec83cb857ef7dec99fb150690488b9237623c506627321ced768bd,200,2026-10-05T02:32:13Z,ok,2013-10-28 Notice of Adjustment of Countywide Per Capita Impact Indicator
D8,GPO govinfo (Federal Register),https://www.govinfo.gov/content/pkg/FR-2013-10-28/html/2013-25333.htm,data/raw/fedreg/text/2013-25333.htm,2135,54ef09a1b5ce6bd15a15fceb4601d09565884b395063ff305e7bb7651623710c,200,2026-10-05T02:31:34Z,ok,2013-10-28 Notice of Adjustment of Statewide Per Capita Impact Indicator
D8,GPO govinfo (Federal Register),https://www.govinfo.gov/content/pkg/FR-2014-10-15/html/2014-24480.htm,data/raw/fedreg/text/2014-24480.htm,2395,96d73fbb7ff33cb2640c764e408378506cbb64710f41406ea603cee2fb431b67,200,2026-10-05T02:32:41Z,ok,2014-10-15 Notice of Adjustment of Countywide Per Capita Impact Indicator
D8,GPO govinfo (Federal Register),https://www.govinfo.gov/content/pkg/FR-2014-10-20/html/2014-24811.htm,data/raw/fedreg/text/2014-24811.htm,2187,2dce41ca1687de7285dad518f13ea185f9e96d02b260920b2a56869bf169757b,200,2026-10-05T02:31:35Z,ok,2014-10-20 Notice of Adjustment of Statewide Per Capita Impact Indicator
D8,GPO govinfo (Federal Register),https://www.govinfo.gov/content/pkg/FR-2015-10-14/html/2015-26168.htm,data/raw/fedreg/text/2015-26168.htm,2394,7b5e50ebbcdbda8b190bba5506d8d1f5ba702ebe0e7ade47d82966a5dc6ec277,200,2026-10-05T02:32:41Z,ok,2015-10-14 Notice of Adjustment of Countywide Per Capita Impact Indicator
D8,GPO govinfo (Federal Register),https://www.govinfo.gov/content/pkg/FR-2015-10-14/html/2015-26174.htm,data/raw/fedreg/text/2015-26174.htm,2168,0f76395a6e48547782fff6661a705b132a3ee5f7d0548159592180196e223c34,200,2026-10-05T02:31:35Z,ok,2015-10-14 Notice of Adjustment of Statewide Per Capita Impact Indicator
D8,GPO govinfo (Federal Register),https://www.govinfo.gov/content/pkg/FR-2016-10-12/html/2016-24634.htm,data/raw/fedreg/text/2016-24634.htm,2180,c4f76271e58ee44fcd553a4005a3c94e9a9c949c1e2ed7cd7480dd9c5593fcd0,200,2026-10-05T02:31:36Z,ok,2016-10-12 Notice of Adjustment of Statewide Per Capita Impact Indicator
D8,GPO govinfo (Federal Register),https://www.govinfo.gov/content/pkg/FR-2016-10-12/html/2016-24636.htm,data/raw/fedreg/text/2016-24636.htm,2327,7eafa116380813de9b2300f00c73a1616cf2b4127ee62c0994fd77fd15413c4b,200,2026-10-05T02:32:42Z,ok,2016-10-12 Notice of Adjustment of Countywide Per Capita Impact Indicator
D8,GPO govinfo (Federal Register),https://www.govinfo.gov/content/pkg/FR-2017-10-12/html/2017-22031.htm,data/raw/fedreg/text/2017-22031.htm,2298,e7f22f431bf91066d26431ce19632b0f1b74731b6192a5fe609cef3469b9505d,200,2026-10-05T02:32:42Z,ok,2017-10-12 Notice of Adjustment of Countywide Per Capita Impact Indicator
D8,GPO govinfo (Federal Register),https://www.govinfo.gov/content/pkg/FR-2017-10-12/html/2017-22036.htm,data/raw/fedreg/text/2017-22036.htm,2163,0b717f52fbf2c66c0697f58ebe2e0d21b055e8f5ba8d7c2ed75dfe2bc6a31c07,200,2026-10-05T02:31:36Z,ok,2017-10-12 Notice of Adjustment of Statewide Per Capita Impact Indicator
D8,GPO govinfo (Federal Register),https://www.govinfo.gov/content/pkg/FR-2018-10-22/html/2018-22886.htm,data/raw/fedreg/text/2018-22886.htm,2312,428be7d0a9cad9e46f81d646c1949e610b94ec1be0575e019904106466ed1451,200,2026-10-05T02:32:43Z,ok,2018-10-22 Notice of Adjustment of Countywide per Capita Impact Indicator
D8,GPO govinfo (Federal Register),https://www.govinfo.gov/content/pkg/FR-2018-10-22/html/2018-22888.htm,data/raw/fedreg/text/2018-22888.htm,2212,3d05ccb413e714dffcc0b5521f119828be208994693253cba76d244932b9a341,200,2026-10-05T02:31:37Z,ok,2018-10-22 Notice of Adjustment of Statewide per Capita Impact Indicator
D8,GPO govinfo (Federal Register),https://www.govinfo.gov/content/pkg/FR-2019-10-16/html/2019-22468.htm,data/raw/fedreg/text/2019-22468.htm,2299,e7d8548b00674f3ffa6875950d01d0276f7a9bdfb4b48807827e005128fc0d34,200,2026-10-05T02:32:43Z,ok,2019-10-16 Notice of Adjustment of Countywide Per Capita Impact Indicator
D8,GPO govinfo (Federal Register),https://www.govinfo.gov/content/pkg/FR-2019-10-16/html/2019-22469.htm,data/raw/fedreg/text/2019-22469.htm,2148,44036a6903fe11d5c8c04a1d0876e2156d8456f96e9b1a76d3a385b4f11b37bc,200,2026-10-05T02:31:37Z,ok,2019-10-16 Notice of Adjustment of Statewide Per Capita Impact Indicator
D8,GPO govinfo (Federal Register),https://www.govinfo.gov/content/pkg/FR-2020-11-02/html/2020-24237.htm,data/raw/fedreg/text/2020-24237.htm,2134,51b6ea2bb3bf8baa989a09b6707eff4abb8cac179a66682308ad6b483022e5e9,200,2026-10-05T02:31:38Z,ok,2020-11-02 Notice of Adjustment of Statewide per Capita Impact Indicator
D8,GPO govinfo (Federal Register),https://www.govinfo.gov/content/pkg/FR-2020-11-02/html/2020-24244.htm,data/raw/fedreg/text/2020-24244.htm,2285,d7fca7fac65d19f7afb5423cf7b6c2163e7e2710f7a88d42018791abd70d5198,200,2026-10-05T02:32:44Z,ok,2020-11-02 Notice of Adjustment of Countywide Per Capita Impact Indicator
D8,GPO govinfo (Federal Register),https://www.govinfo.gov/content/pkg/FR-2020-12-14/html/2020-27094.htm,data/raw/fedreg/text/2020-27094.htm,214040,12c70535c307c9750321f16f084f2e6bca774f82cb794c2b77e516d7b328bf52,200,2026-10-05T02:31:38Z,ok,2020-12-14 Cost of Assistance Estimates in the Disaster Declaration Process for the Public 
D8,GPO govinfo (Federal Register),https://www.govinfo.gov/content/pkg/FR-2021-11-15/html/2021-24751.htm,data/raw/fedreg/text/2021-24751.htm,2144,733785f6f6f771f53c0235228bdd3865bfbc4d6be00040d0fd6eb68c64890c94,200,2026-10-05T02:31:39Z,ok,2021-11-15 Notice of Adjustment of Statewide Per Capita Impact Indicator
D8,GPO govinfo (Federal Register),https://www.govinfo.gov/content/pkg/FR-2021-11-15/html/2021-24752.htm,data/raw/fedreg/text/2021-24752.htm,2318,72fa938878a3b7e0356759a8122e5f2595103d0cdd74d2e9a7593fa80a55949d,200,2026-10-05T02:32:44Z,ok,2021-11-15 Notice of Adjustment of Countywide Per Capita Impact Indicator
D8,GPO govinfo (Federal Register),https://www.govinfo.gov/content/pkg/FR-2022-08-03/html/2022-16555.htm,data/raw/fedreg/text/2022-16555.htm,165544,c5267bc215e8865fa830cf4be8c58d2d6e80e9dc0af33cfd894edc33e09bbddf,200,2026-10-05T02:32:45Z,ok,2022-08-03 Public Assistance Program's Simplified Procedures Large Project Threshold
D8,GPO govinfo (Federal Register),https://www.govinfo.gov/content/pkg/FR-2022-10-25/html/2022-23159.htm,data/raw/fedreg/text/2022-23159.htm,2167,d1607846270b2a0ec0b53b8f97abc49dd35df1bfc712dee5d918a5d53471d011,200,2026-10-05T02:31:39Z,ok,2022-10-25 Notice of Adjustment of Statewide per Capita Impact Indicator
D8,GPO govinfo (Federal Register),https://www.govinfo.gov/content/pkg/FR-2022-10-25/html/2022-23160.htm,data/raw/fedreg/text/2022-23160.htm,2312,2ad033b25b5c0b6c747d13c1394a896b01684cae501637b475ebdba9b712420b,200,2026-10-05T02:32:45Z,ok,2022-10-25 Notice of Adjustment of Countywide Per Capita Impact Indicator
D8,GPO govinfo (Federal Register),https://www.govinfo.gov/content/pkg/FR-2023-10-20/html/2023-23166.htm,data/raw/fedreg/text/2023-23166.htm,2346,780e64d2d37ea97f47bc7e3b3f8c6f2a011fa1fe81dfd2216c40a394da623736,200,2026-10-05T02:32:46Z,ok,2023-10-20 Notice of Adjustment of Countywide Per Capita Impact Indicator
D8,GPO govinfo (Federal Register),https://www.govinfo.gov/content/pkg/FR-2023-10-20/html/2023-23167.htm,data/raw/fedreg/text/2023-23167.htm,2199,292650741ba3b60f818d4b86f2437bed903a1eaaaaead659bfc3716d9b150632,200,2026-10-05T02:31:40Z,ok,2023-10-20 Notice of Adjustment of Statewide Per Capita Impact Indicator
D8,GPO govinfo (Federal Register),https://www.govinfo.gov/content/pkg/FR-2024-10-24/html/2024-24696.htm,data/raw/fedreg/text/2024-24696.htm,2223,ce28bb1a85d035f42c1cf0c40685c66d09143d33ab4ff7912778240384396ad8,200,2026-10-05T02:31:40Z,ok,2024-10-24 Notice of Adjustment of Statewide Per Capita Impact Indicator
D8,GPO govinfo (Federal Register),https://www.govinfo.gov/content/pkg/FR-2024-10-24/html/2024-24697.htm,data/raw/fedreg/text/2024-24697.htm,2378,190ba93497b5451871434c1f145bb4364d74b52ba7d945fd620d36d584acecbd,200,2026-10-05T02:32:46Z,ok,2024-10-24 Notice of Adjustment of Countywide Per Capita Impact Indicator
D8,GPO govinfo (Federal Register),https://www.govinfo.gov/content/pkg/FR-2026-09-29/html/2026-19855.htm,data/raw/fedreg/text/2026-19855.htm,2223,9685452db4734b68fbe6c99d82d954abe035a647d8bc37a5c5722be3c2e1d401,200,2026-10-05T02:31:41Z,ok,2026-09-29 Notice of Adjustment of Statewide per Capita Impact Indicator
D8,GPO govinfo (Federal Register),https://www.govinfo.gov/content/pkg/FR-2026-09-29/html/2026-19858.htm,data/raw/fedreg/text/2026-19858.htm,2358,10e67b8d677e90fb8a9dd53e9967db7899cb8aa2af5f6fb7cb571b747ff55582,200,2026-10-05T02:32:47Z,ok,2026-09-29 Notice of Adjustment of Countywide Per Capita Impact Indicator
D8,GPO govinfo (Federal Register),https://www.govinfo.gov/content/pkg/FR-2006-10-10/html/E6-16656.htm,data/raw/fedreg/text/E6-16656.htm,2115,cf5e0ce89ef53ddf83db11bd50fedfa837feea07db2e9edb8670f9c2f5126cd6,200,2026-10-05T02:31:05Z,ok,2006-10-10 Notice of Adjustment of Statewide Per Capita Impact Indicator
D8,GPO govinfo (Federal Register),https://www.govinfo.gov/content/pkg/FR-2006-10-10/html/E6-16661.htm,data/raw/fedreg/text/E6-16661.htm,2159,102f9a57603b3c6eb66137773e684b99d67cb75b11291b201c2e22a07acae2df,200,2026-10-05T02:32:09Z,ok,2006-10-10 Notice of Adjustment of Countywide Per Capita Impact Indicator
D8,GPO govinfo (Federal Register),https://www.govinfo.gov/content/pkg/FR-2007-10-09/html/E7-19836.htm,data/raw/fedreg/text/E7-19836.htm,2123,7ba5189c0c8a7a94ea08b0e0e44e2fec4f8ade7ce9e2f5d34d0b9da6c079e2d3,200,2026-10-05T02:32:09Z,ok,2007-10-09 Notice of Adjustment of Countywide Per Capita Impact Indicator
D8,GPO govinfo (Federal Register),https://www.govinfo.gov/content/pkg/FR-2007-10-09/html/E7-19838.htm,data/raw/fedreg/text/E7-19838.htm,2077,f7f7184ca612cac272b8014714b168c2f73c55cc4d128e28178413df9f14a63e,200,2026-10-05T02:31:06Z,ok,2007-10-09 Notice of Adjustment of Statewide Per Capita Impact Indicator
D8,GPO govinfo (Federal Register),https://www.govinfo.gov/content/pkg/FR-2008-10-10/html/E8-24064.htm,data/raw/fedreg/text/E8-24064.htm,2164,b000f4185afaf6e4f6042f0b80aa7d7aedcbbbd4b0c1b9dedf984147e6ffa05f,200,2026-10-05T02:32:10Z,ok,2008-10-10 Notice of Adjustment of Countywide Per Capita Impact Indicator
D8,GPO govinfo (Federal Register),https://www.govinfo.gov/content/pkg/FR-2008-10-10/html/E8-24066.htm,data/raw/fedreg/text/E8-24066.htm,2096,f4cb8748804d061c1ad404a1986418892730ae2af999150dc4e55c24ced5bc97,200,2026-10-05T02:31:06Z,ok,2008-10-10 Notice of Adjustment of Statewide Per Capita Impact Indicator
D8,GPO govinfo (Federal Register),https://www.govinfo.gov/content/pkg/FR-2009-10-06/html/E9-24068.htm,data/raw/fedreg/text/E9-24068.htm,2096,9c4b74a91ab84a0be73e0f8933fcc31f347dea0bc6fb374f3bdc2efa280d4820,200,2026-10-05T02:31:07Z,ok,2009-10-06 Notice of Adjustment of Statewide Per Capita Impact Indicator
D8,GPO govinfo (Federal Register),https://www.govinfo.gov/content/pkg/FR-2009-10-06/html/E9-24071.htm,data/raw/fedreg/text/E9-24071.htm,2235,b2ca22f53d4f546da450e12c7473ba657abbc98b2c61b348e980f064db18f8cf,200,2026-10-05T02:32:10Z,ok,2009-10-06 Notice of Adjustment of Countywide Per Capita Impact Indicator
D8,GPO govinfo (Federal Register),https://www.govinfo.gov/content/pkg/FR-2009-11-06/html/E9-26817.htm,data/raw/fedreg/text/E9-26817.htm,50748,0d7ccd8206731ee25f158e76445101451565c700967624bb724c0c6c4e74417d,200,2026-10-05T02:32:11Z,ok,2009-11-06 Disaster Assistance Directorate Policy Numbers 9100.1 and 9523.1 Snow Assistance
D9,BEA Regional,https://apps.bea.gov/regional/zip/SAGDP.zip,data/raw/bea/SAGDP.zip,10381511,3d3c5bc7bd243138cd4ec07d6f5e862bdb533683a538c3a6db61aa2fbc7085ef,200,2026-10-04T19:59:48Z,ok,
D9,BEA Regional,https://apps.bea.gov/regional/zip/SAGDP_SIC.zip,data/raw/bea/SAGDP_SIC.zip,7024327,e52a5bbfa71dbc0c3083c2011f007dbc65716fbd0b37b766912ffb2080c42634,200,2026-10-04T19:59:49Z,ok,
D9,BEA Regional,https://apps.bea.gov/regional/zip/SAINC.zip,data/raw/bea/SAINC.zip,17620171,cb28a9a200c71b48e283c4e4e6ef1b18524cb6c1edc31d7b768862c766ff770f,200,2026-10-04T19:59:45Z,ok,
manual,template,,data/manual/governors_overrides.csv,3773,69e0500e43402d6f837b8ba4c353858f0b4b6d4a84d967fcf28c0a819b696fe8,,2026-10-05T10:38:34Z,manual,scaffold for hand coding; verified=0 throughout
manual,template,,data/manual/governors_template.csv,86143,28aab8d819b1417f62be78ad6702132636f8b8e10e096c275b72729df6b26a1f,,2026-10-05T10:38:34Z,manual,scaffold for hand coding; verified=0 throughout
manual,template,,data/manual/pda_review_queue.csv,98,b5599504c6e8951db14ccfcad7c0a388634b00e3d32b4ed35773d915ebcbb629,,2026-10-05T10:38:34Z,manual,scaffold for hand coding; verified=0 throughout
manual,template,,data/manual/rainy_day_template.csv,22840,adff73ec8b5b84d4f5d46e27113309ebfe28065c9da1f523646cafbb97696bdf,,2026-10-05T10:38:34Z,manual,scaffold for hand coding; verified=0 throughout
manual,template,,data/manual/tau_series.csv,7376,d11333187793dfcd2082f51622ed1b054b289582d100b006c98e77287e5250a4,,2026-10-05T10:38:34Z,manual,scaffold for hand coding; verified=0 throughout
manual,template,,data/manual/term_limit_rules.csv,8948,7554ad8c3dee09955134fd6b846738aba6887008d30b9b0923e59eb784626215,,2026-10-05T10:38:34Z,manual,scaffold for hand coding; verified=0 throughout
